origin,destination,origin_lat,origin_lon,dest_lat,dest_lon,distance_km,duration_min,origin_temp,origin_wind,dest_temp,dest_wind,avg_temp_along_route,avg_wind_along_route,route_conditions,delay_min
Vijayawada,Nizamabad,16.5062,80.648,18.6725,78.0941,362.3,434,34.4,2.2,31.9,4.4,34.4,3.5,"['haze', 'clear sky', 'moderate rain', 'scattered clouds', 'thunderstorm with heavy rain', 'clear sky', 'clear sky', 'clear sky', 'scattered clouds', 'overcast clouds']",30
Karimnagar,Hyderabad,18.4386,79.1288,17.385,78.4867,135.4,162,39.7,3.3,32.5,2.9,36.4,3.4,"['few clouds', 'fog', 'clear sky', 'clear sky', 'very heavy rain', 'heavy thunderstorm', 'mist', 'clear sky', 'broken clouds', 'broken clouds']",25
Hyderbad,Nellore,17.385,78.4867,14.4426,79.9865,456.37,500,33.3,2.95,27,3.4,33,3.3,"['overcast clouds', 'overcast clouds', 'overcast clouds', 'overcast clouds', 'overcast clouds', 'overcast clouds', 'overcast clouds', 'overcast clouds', 'overcast clouds', 'overcast clouds']",7
Tirupati,Hyderabad,14.4426,79.9865,17.385,78.4867,456.37,500,33.3,2.95,27,3.4,33,3.3,"['overcast clouds', 'overcast clouds', 'overcast clouds', 'overcast clouds', 'overcast clouds', 'overcast clouds', 'overcast clouds', 'overcast clouds', 'overcast clouds', 'overcast clouds']",9
Hyderabad,Tirupati,17.385,78.4867,13.6288,79.4192,551.16,550,27,3.1,29,3.1,30,3.1,"['overcast clouds', 'overcast clouds', 'overcast clouds', 'overcast clouds', 'overcast clouds', 'overcast clouds', 'overcast clouds', 'overcast clouds', 'overcast clouds', 'overcast clouds']",4
Tirupati,Nellore,13.6288,79.4192,14.4426,79.9865,136.37,250,33,3.1,30,3.1,31,3.1,"['overcast clouds', 'overcast clouds', 'overcast clouds', 'overcast clouds', 'overcast clouds', 'overcast clouds', 'overcast clouds', 'overcast clouds', 'overcast clouds', 'overcast clouds']",4
Nellore ,Tirupati,14.4426,79.9865,13.6288,79.4192,136.37,250,33,3.1,30,3.1,31,3.1,"['overcast clouds', 'overcast clouds', 'overcast clouds', 'overcast clouds', 'overcast clouds', 'overcast clouds', 'overcast clouds', 'overcast clouds', 'overcast clouds', 'overcast clouds']",5
Nellore,Hyderabad,14.4426,79.9865,17.385,78.4867,456.37,500,33.3,2.95,27,3.4,33,3.3,"['overcast clouds', 'overcast clouds', 'overcast clouds', 'overcast clouds', 'overcast clouds', 'overcast clouds', 'overcast clouds', 'overcast clouds', 'overcast clouds', 'overcast clouds']",8
Karimnagar,Adilabad,18.4386,79.1288,19.6667,78.5333,150.2,180,38.8,2.9,33.8,3.2,34.6,2.9,"['clear sky', 'broken clouds', 'few clouds', 'overcast clouds', 'overcast clouds', 'few clouds', 'moderate rain', 'few clouds', 'broken clouds', 'clear sky']",11
Kurnool,Khammam,15.8281,78.0373,17.2473,80.1514,275.1,330,33.3,4.8,39.2,3.3,36.2,4,"['heavy intensity rain', 'clear sky', 'clear sky', 'heavy intensity rain', 'broken clouds', 'fog', 'mist', 'clear sky', 'clear sky', 'haze']",22
Khammam,Vijayawada,17.2473,80.1514,16.5062,80.648,97.9,117,37.5,2.5,32.5,4.7,35.7,3.7,"['very heavy rain', 'scattered clouds', 'few clouds', 'few clouds', 'clear sky', 'heavy thunderstorm', 'clear sky', 'clear sky', 'few clouds', 'overcast clouds']",18
Warangal,Vijayawada,17.9784,79.5941,16.5062,80.648,198.3,237,32.1,4.5,32.6,1.2,34.2,3,"['few clouds', 'clear sky', 'scattered clouds', 'clear sky', 'few clouds', 'scattered clouds']",7
Adilabad,Nizamabad,19.6667,78.5333,18.6725,78.0941,119.8,143,36.8,2.8,32.1,1.7,34.7,2.4,"['fog', 'fog', 'few clouds', 'clear sky', 'broken clouds', 'broken clouds', 'few clouds', 'overcast clouds', 'overcast clouds', 'scattered clouds']",6
Guntur,Rajahmundry,16.3067,80.4365,17.0005,81.804,164.8,197,31.8,2.7,31.7,1.9,31.7,2.7,"['scattered clouds', 'few clouds', 'few clouds', 'few clouds', 'clear sky', 'few clouds']",7
Adilabad,Warangal,19.6667,78.5333,17.9784,79.5941,218.4,262,35.3,1.3,37.7,4.3,38.1,2.8,"['very heavy rain', 'extreme rain', 'scattered clouds', 'clear sky', 'few clouds', 'extreme rain', 'overcast clouds', 'few clouds', 'fog', 'clear sky']",35
Tirupati,Adilabad,13.6288,79.4192,19.6667,78.5333,678,813,35.6,2.9,33.5,1.5,36.5,2.6,"['few clouds', 'clear sky', 'scattered clouds', 'few clouds', 'few clouds', 'scattered clouds']",12
Warangal,Vijayawada,17.9784,79.5941,16.5062,80.648,198.3,237,37.8,2.7,33.1,3.7,33.6,3.4,"['extreme rain', 'few clouds', 'clear sky', 'heavy intensity rain', 'clear sky', 'clear sky', 'clear sky', 'few clouds', 'clear sky', 'scattered clouds']",17
Karimnagar,Nellore,18.4386,79.1288,14.4426,79.9865,453.6,544,32.2,1.9,38.6,1.2,36.3,1.3,"['broken clouds', 'overcast clouds', 'overcast clouds', 'clear sky', 'clear sky', 'haze', 'extreme rain', 'clear sky', 'clear sky', 'heavy intensity rain']",19
Tirupati,Warangal,13.6288,79.4192,17.9784,79.5941,484,580,35.8,1.8,32.2,2,35,1.7,"['fog', 'clear sky', 'overcast clouds', 'few clouds', 'scattered clouds', 'broken clouds', 'clear sky', 'moderate rain', 'very heavy rain', 'clear sky']",16
Warangal,Nellore,17.9784,79.5941,14.4426,79.9865,395.4,474,36.8,4.3,33.4,1.5,35.2,2.7,"['few clouds', 'mist', 'fog', 'extreme rain', 'few clouds', 'clear sky', 'fog', 'light rain', 'extreme rain', 'clear sky']",27
Karimnagar,Kurnool,18.4386,79.1288,15.8281,78.0373,312.6,375,33.4,3.3,33.6,1.9,34,2.4,"['clear sky', 'clear sky', 'few clouds', 'broken clouds', 'clear sky', 'clear sky', 'clear sky', 'clear sky', 'few clouds', 'few clouds']",8
Tirupati,Vijayawada,13.6288,79.4192,16.5062,80.648,346.1,415,32.8,3.6,39,1.3,35.7,2.6,"['overcast clouds', 'overcast clouds', 'clear sky', 'moderate rain', 'broken clouds', 'clear sky', 'clear sky', 'thunderstorm with rain', 'clear sky', 'clear sky']",30
Kurnool,Guntur,15.8281,78.0373,16.3067,80.4365,261.8,314,35.4,1.3,38.4,2.9,36.6,1.8,"['clear sky', 'clear sky', 'clear sky', 'overcast clouds', 'thunderstorm with heavy rain', 'light rain', 'few clouds', 'mist', 'scattered clouds', 'fog']",20
Vijayawada,Adilabad,16.5062,80.648,19.6667,78.5333,416.5,499,36.2,4,36.8,4.4,36.7,4.7,"['scattered clouds', 'few clouds', 'clear sky', 'clear sky', 'scattered clouds', 'clear sky']",6
Rajahmundry,Nellore,17.0005,81.804,14.4426,79.9865,344.6,413,30.4,3.4,32.9,3,31.1,3.4,"['light rain', 'clear sky', 'heavy intensity rain', 'few clouds', 'extreme rain', 'clear sky', 'broken clouds', 'clear sky', 'light rain', 'light rain']",40
Visakhapatnam,Karimnagar,17.6868,83.2185,18.4386,79.1288,440.3,528,39.5,4,38.6,2.3,38.1,3.2,"['few clouds', 'clear sky', 'thunderstorm with rain', 'clear sky', 'clear sky', 'clear sky', 'heavy intensity rain', 'few clouds', 'clear sky', 'clear sky']",20
Warangal,Khammam,17.9784,79.5941,17.2473,80.1514,100.5,120,38.6,3.4,38.9,1.6,37,3,"['clear sky', 'clear sky', 'clear sky', 'clear sky', 'overcast clouds', 'scattered clouds', 'scattered clouds', 'few clouds', 'scattered clouds', 'haze']",6
Nellore,Kadapa,14.4426,79.9865,14.4674,78.8241,125.2,150,35.9,3.9,38.3,1.6,37.1,3.2,"['broken clouds', 'clear sky', 'broken clouds', 'few clouds', 'few clouds', 'scattered clouds', 'scattered clouds', 'overcast clouds', 'mist', 'light rain']",12
Visakhapatnam,Vijayawada,17.6868,83.2185,16.5062,80.648,303.1,363,31.4,4.2,30.6,2.5,32.7,3.7,"['mist', 'mist', 'clear sky', 'heavy thunderstorm', 'clear sky', 'mist', 'broken clouds', 'overcast clouds', 'clear sky', 'extreme rain']",21
Guntur,Vijayawada,16.3067,80.4365,16.5062,80.648,31.6,37,31.9,3.7,32.1,2.3,32.8,3.1,"['clear sky', 'clear sky', 'thunderstorm with rain', 'heavy thunderstorm', 'very heavy rain', 'clear sky', 'few clouds', 'clear sky', 'heavy intensity rain', 'clear sky']",10
Warangal,Kurnool,17.9784,79.5941,15.8281,78.0373,290.9,349,32.4,3.7,36.3,5,35.4,3.9,"['scattered clouds', 'few clouds', 'clear sky', 'scattered clouds', 'clear sky', 'clear sky']",7
Anantapur,Nizamabad,14.6819,77.6006,18.6725,78.0941,446.8,536,38.8,2.8,38.4,2.5,36.9,3.1,"['scattered clouds', 'scattered clouds', 'clear sky', 'few clouds', 'scattered clouds', 'clear sky']",9
Nizamabad,Khammam,18.6725,78.0941,17.2473,80.1514,269.2,323,36.2,1.1,38.2,2.8,36.4,2.4,"['overcast clouds', 'extreme rain', 'clear sky', 'clear sky', 'thunderstorm with rain', 'overcast clouds', 'clear sky', 'mist', 'clear sky', 'clear sky']",25
Rajahmundry,Guntur,17.0005,81.804,16.3067,80.4365,164.8,197,32.8,3.8,37,2,35,3.1,"['overcast clouds', 'clear sky', 'heavy thunderstorm', 'thunderstorm with rain', 'mist', 'clear sky', 'broken clouds', 'heavy thunderstorm', 'few clouds', 'clear sky']",37
Rajahmundry,Vijayawada,17.0005,81.804,16.5062,80.648,134.8,161,38,1.7,32.7,1.3,35.4,1.2,"['thunderstorm with heavy rain', 'very heavy rain', 'clear sky', 'overcast clouds', 'heavy intensity rain', 'clear sky', 'fog', 'clear sky', 'fog', 'mist']",30
Guntur,Warangal,16.3067,80.4365,17.9784,79.5941,206.3,247,37.1,3.5,39,2.8,38.4,3.4,"['few clouds', 'clear sky', 'heavy intensity rain', 'extreme rain', 'broken clouds', 'few clouds', 'clear sky', 'scattered clouds', 'heavy intensity rain', 'extreme rain']",35
Khammam,Karimnagar,17.2473,80.1514,18.4386,79.1288,171.1,205,30.5,1.3,38.1,3,32.9,2,"['broken clouds', 'clear sky', 'clear sky', 'broken clouds', 'clear sky', 'thunderstorm with heavy rain', 'clear sky', 'fog', 'clear sky', 'light rain']",17
Rajahmundry,Vijayawada,17.0005,81.804,16.5062,80.648,134.8,161,34.9,4,36.6,3,36.7,3.6,"['clear sky', 'few clouds', 'very heavy rain', 'haze', 'haze', 'clear sky', 'thunderstorm with heavy rain', 'light rain', 'clear sky', 'scattered clouds']",16
Tirupati,Nellore,13.6288,79.4192,14.4426,79.9865,109.2,131,30,1.5,36,4.4,31.6,2.6,"['very heavy rain', 'scattered clouds', 'broken clouds', 'clear sky', 'clear sky', 'light rain', 'scattered clouds', 'light rain', 'overcast clouds', 'overcast clouds']",15
Guntur,Nizamabad,16.3067,80.4365,18.6725,78.0941,361.8,434,39.5,3.3,33.9,2.5,37.8,3.3,"['clear sky', 'few clouds', 'scattered clouds', 'scattered clouds', 'clear sky', 'scattered clouds']",5
Anantapur,Guntur,14.6819,77.6006,16.3067,80.4365,353.5,424,36.1,4.7,39.5,1.8,36.1,3.1,"['clear sky', 'broken clouds', 'overcast clouds', 'light rain', 'few clouds', 'clear sky', 'few clouds', 'few clouds', 'clear sky', 'clear sky']",10
Khammam,Nellore,17.2473,80.1514,14.4426,79.9865,312.4,374,31.4,2.8,38.2,1.4,34.6,1.7,"['few clouds', 'broken clouds', 'few clouds', 'thunderstorm with heavy rain', 'clear sky', 'broken clouds', 'clear sky', 'scattered clouds', 'scattered clouds', 'clear sky']",15
Adilabad,Guntur,19.6667,78.5333,16.3067,80.4365,424.4,509,37.3,3.1,36.6,3.5,35.3,3.3,"['few clouds', 'few clouds', 'clear sky', 'haze', 'clear sky', 'light rain', 'heavy intensity rain', 'heavy intensity rain', 'clear sky', 'clear sky']",36
Nellore,Tirupati,14.4426,79.9865,13.6288,79.4192,109.2,131,35.2,3.3,34.5,3.9,36,3.8,"['broken clouds', 'few clouds', 'haze', 'clear sky', 'few clouds', 'moderate rain', 'few clouds', 'broken clouds', 'clear sky', 'few clouds']",11
Visakhapatnam,Vijayawada,17.6868,83.2185,16.5062,80.648,303.1,363,30.7,3.4,33.7,4.2,32.8,4.2,"['broken clouds', 'broken clouds', 'overcast clouds', 'clear sky', 'clear sky', 'clear sky', 'scattered clouds', 'clear sky', 'few clouds', 'fog']",8
Vijayawada,Kurnool,16.5062,80.648,15.8281,78.0373,288.8,346,39.2,3.8,30,1.7,36.2,2.9,"['few clouds', 'moderate rain', 'broken clouds', 'clear sky', 'clear sky', 'clear sky', 'clear sky', 'light rain', 'thunderstorm with rain', 'clear sky']",21
Visakhapatnam,Kadapa,17.6868,83.2185,14.4674,78.8241,590.4,708,39.8,1.4,37.1,3.7,37.7,3,"['clear sky', 'clear sky', 'clear sky', 'clear sky', 'few clouds', 'overcast clouds', 'clear sky', 'overcast clouds', 'scattered clouds', 'light rain']",13
Adilabad,Hyderabad,19.6667,78.5333,17.385,78.4867,253.8,304,31,2.5,39,2.7,34.3,2.4,"['clear sky', 'scattered clouds', 'clear sky', 'clear sky', 'scattered clouds', 'broken clouds', 'very heavy rain', 'very heavy rain', 'few clouds', 'few clouds']",24
Kurnool,Anantapur,15.8281,78.0373,14.6819,77.6006,135.8,162,39.9,3.2,31.8,3.1,35.2,3,"['clear sky', 'scattered clouds', 'clear sky', 'few clouds', 'scattered clouds', 'scattered clouds']",6
Hyderbad,Nellore,17.385,78.4867,14.4426,79.9865,456.37,500,33.3,2.95,27,3.4,33,3.3,"['overcast clouds', 'overcast clouds', 'overcast clouds', 'overcast clouds', 'overcast clouds', 'overcast clouds', 'overcast clouds', 'overcast clouds', 'overcast clouds', 'overcast clouds']",10
Tirupati,Hyderabad,14.4426,79.9865,17.385,78.4867,456.37,500,33.3,2.95,27,3.4,33,3.3,"['overcast clouds', 'overcast clouds', 'overcast clouds', 'overcast clouds', 'overcast clouds', 'overcast clouds', 'overcast clouds', 'overcast clouds', 'overcast clouds', 'overcast clouds']",8
Hyderabad,Tirupati,17.385,78.4867,13.6288,79.4192,551.16,550,27,3.1,29,3.1,30,3.1,"['overcast clouds', 'overcast clouds', 'overcast clouds', 'overcast clouds', 'overcast clouds', 'overcast clouds', 'overcast clouds', 'overcast clouds', 'overcast clouds', 'overcast clouds']",9
Tirupati,Nellore,13.6288,79.4192,14.4426,79.9865,136.37,250,33,3.1,30,3.1,31,3.1,"['overcast clouds', 'overcast clouds', 'overcast clouds', 'overcast clouds', 'overcast clouds', 'overcast clouds', 'overcast clouds', 'overcast clouds', 'overcast clouds', 'overcast clouds']",2
Nellore ,Tirupati,14.4426,79.9865,13.6288,79.4192,136.37,250,33,3.1,30,3.1,31,3.1,"['overcast clouds', 'overcast clouds', 'overcast clouds', 'overcast clouds', 'overcast clouds', 'overcast clouds', 'overcast clouds', 'overcast clouds', 'overcast clouds', 'overcast clouds']",3
Nellore,Hyderabad,14.4426,79.9865,17.385,78.4867,456.37,500,33.3,2.95,27,3.4,33,3.3,"['overcast clouds', 'overcast clouds', 'overcast clouds', 'overcast clouds', 'overcast clouds', 'overcast clouds', 'overcast clouds', 'overcast clouds', 'overcast clouds', 'overcast clouds']",7
Nizamabad,Vijayawada,18.6725,78.0941,16.5062,80.648,362.3,434,36.9,1.4,33,3.5,33.6,2,"['broken clouds', 'very heavy rain', 'few clouds', 'haze', 'clear sky', 'mist', 'heavy thunderstorm', 'thunderstorm with heavy rain', 'mist', 'clear sky']",35
Warangal,Guntur,17.9784,79.5941,16.3067,80.4365,206.3,247,38.3,4.7,32.1,2.9,33.7,3.7,"['very heavy rain', 'scattered clouds', 'clear sky', 'clear sky', 'moderate rain', 'clear sky', 'scattered clouds', 'clear sky', 'very heavy rain', 'broken clouds']",22
Rajahmundry,Guntur,17.0005,81.804,16.3067,80.4365,164.8,197,37.2,4.2,31.3,1.8,34.1,2.7,"['scattered clouds', 'few clouds', 'clear sky', 'clear sky', 'scattered clouds', 'few clouds']",7
Warangal,Vijayawada,17.9784,79.5941,16.5062,80.648,198.3,237,34.3,1.1,30.8,3.7,32.3,2.3,"['few clouds', 'clear sky', 'scattered clouds', 'scattered clouds', 'clear sky', 'clear sky']",7
Visakhapatnam,Adilabad,17.6868,83.2185,19.6667,78.5333,540.4,648,34,3.9,34.2,2.7,33.9,3.3,"['clear sky', 'fog', 'clear sky', 'few clouds', 'clear sky', 'broken clouds', 'few clouds', 'clear sky', 'heavy intensity rain', 'broken clouds']",16
Visakhapatnam,Kurnool,17.6868,83.2185,15.8281,78.0373,589.1,706,31.1,3.2,39.4,1.9,34.7,2.2,"['haze', 'scattered clouds', 'few clouds', 'clear sky', 'thunderstorm with rain', 'heavy intensity rain', 'scattered clouds', 'mist', 'scattered clouds', 'light rain']",37
Nellore,Khammam,14.4426,79.9865,17.2473,80.1514,312.4,374,35.7,4.6,33.9,1.2,36.5,3.1,"['extreme rain', 'clear sky', 'clear sky', 'few clouds', 'clear sky', 'haze', 'few clouds', 'few clouds', 'heavy intensity rain', 'extreme rain']",38
Rajahmundry,Anantapur,17.0005,81.804,14.6819,77.6006,518.3,621,35.1,3.8,32.4,4.6,33.9,4.5,"['clear sky', 'clear sky', 'haze', 'clear sky', 'heavy thunderstorm', 'broken clouds', 'clear sky', 'broken clouds', 'extreme rain', 'light rain']",32
Vijayawada,Adilabad,16.5062,80.648,19.6667,78.5333,416.5,499,32.9,4,34.5,1.3,34.9,2.8,"['haze', 'few clouds', 'thunderstorm with rain', 'few clouds', 'broken clouds', 'clear sky', 'very heavy rain', 'few clouds', 'extreme rain', 'few clouds']",33
Khammam,Kurnool,17.2473,80.1514,15.8281,78.0373,275.1,330,37.9,3.2,36.2,1.9,38.1,2.5,"['clear sky', 'few clouds', 'mist', 'clear sky', 'clear sky', 'scattered clouds', 'broken clouds', 'clear sky', 'few clouds', 'clear sky']",8
Kurnool,Tirupati,15.8281,78.0373,13.6288,79.4192,286.2,343,36.5,4.1,35,4.1,35.2,4.1,"['moderate rain', 'few clouds', 'haze', 'few clouds', 'overcast clouds', 'overcast clouds', 'clear sky', 'clear sky', 'clear sky', 'broken clouds']",11
Karimnagar,Rajahmundry,18.4386,79.1288,17.0005,81.804,325.4,390,39.9,3.3,35.7,1.5,38.6,2.6,"['scattered clouds', 'light rain', 'extreme rain', 'overcast clouds', 'few clouds', 'few clouds', 'clear sky', 'light rain', 'few clouds', 'thunderstorm with rain']",18
Rajahmundry,Khammam,17.0005,81.804,17.2473,80.1514,177.7,213,34.5,3.2,38.7,3.2,37.9,3.1,"['scattered clouds', 'few clouds', 'few clouds', 'broken clouds', 'clear sky', 'scattered clouds', 'clear sky', 'broken clouds', 'clear sky', 'clear sky']",7
Karimnagar,Kurnool,18.4386,79.1288,15.8281,78.0373,312.6,375,31.2,3.4,30.9,4.5,31,3.5,"['extreme rain', 'clear sky', 'few clouds', 'broken clouds', 'clear sky', 'few clouds', 'clear sky', 'heavy thunderstorm', 'clear sky', 'clear sky']",23
Nellore,Warangal,14.4426,79.9865,17.9784,79.5941,395.4,474,31.2,2.5,36.4,2.2,32.9,2.5,"['few clouds', 'few clouds', 'clear sky', 'clear sky', 'clear sky', 'scattered clouds']",6
Nellore,Guntur,14.4426,79.9865,16.3067,80.4365,212.8,255,34.6,3,33.3,2.7,33.3,2.6,"['clear sky', 'clear sky', 'few clouds', 'clear sky', 'overcast clouds', 'extreme rain', 'extreme rain', 'few clouds', 'moderate rain', 'haze']",35
Anantapur,Hyderabad,14.6819,77.6006,17.385,78.4867,315.1,378,36.1,3.8,34.7,4.4,36.8,4.1,"['scattered clouds', 'clear sky', 'few clouds', 'clear sky', 'clear sky', 'overcast clouds', 'clear sky', 'few clouds', 'mist', 'thunderstorm with rain']",18
Rajahmundry,Kadapa,17.0005,81.804,14.4674,78.8241,425.5,510,31.5,4.2,39.9,1.7,37.5,3,"['scattered clouds', 'scattered clouds', 'clear sky', 'few clouds', 'scattered clouds', 'few clouds']",8
Kadapa,Guntur,14.4674,78.8241,16.3067,80.4365,267.8,321,37.9,2.4,39.4,2.1,37.5,1.9,"['clear sky', 'scattered clouds', 'overcast clouds', 'clear sky', 'extreme rain', 'clear sky', 'clear sky', 'clear sky', 'light rain', 'clear sky']",15
Adilabad,Warangal,19.6667,78.5333,17.9784,79.5941,218.4,262,38,1.1,35.6,4.3,35.2,2.7,"['very heavy rain', 'haze', 'moderate rain', 'extreme rain', 'few clouds', 'extreme rain', 'clear sky', 'clear sky', 'overcast clouds', 'overcast clouds']",42
Nellore,Kadapa,14.4426,79.9865,14.4674,78.8241,125.2,150,30.2,2.7,31.7,2.5,29.5,2.6,"['few clouds', 'few clouds', 'clear sky', 'clear sky', 'few clouds', 'few clouds']",6
Anantapur,Kurnool,14.6819,77.6006,15.8281,78.0373,135.8,162,34.7,4.1,39.2,1.3,36.2,2.3,"['clear sky', 'thunderstorm with rain', 'clear sky', 'clear sky', 'few clouds', 'scattered clouds', 'clear sky', 'clear sky', 'clear sky', 'clear sky']",14
Kadapa,Adilabad,14.4674,78.8241,19.6667,78.5333,579,694,35.6,3.5,39.4,2.1,37.1,2.5,"['few clouds', 'few clouds', 'few clouds', 'broken clouds', 'haze', 'thunderstorm with rain', 'few clouds', 'clear sky', 'clear sky', 'clear sky']",13
Guntur,Warangal,16.3067,80.4365,17.9784,79.5941,206.3,247,33.2,3.8,35.9,4.6,34.4,3.7,"['clear sky', 'clear sky', 'heavy thunderstorm', 'mist', 'clear sky', 'clear sky', 'clear sky', 'few clouds', 'clear sky', 'clear sky']",15
Hyderabad,Kadapa,17.385,78.4867,14.4674,78.8241,326.4,391,35.3,1.4,37.1,1.3,35.9,1.7,"['clear sky', 'heavy thunderstorm', 'clear sky', 'clear sky', 'scattered clouds', 'clear sky', 'clear sky', 'light rain', 'clear sky', 'clear sky']",12
Visakhapatnam,Tirupati,17.6868,83.2185,13.6288,79.4192,607.4,728,39.6,1.1,31.2,4.5,36.2,3.1,"['broken clouds', 'broken clouds', 'heavy thunderstorm', 'few clouds', 'thunderstorm with heavy rain', 'clear sky', 'clear sky', 'haze', 'few clouds', 'few clouds']",21
Rajahmundry,Tirupati,17.0005,81.804,13.6288,79.4192,453.8,544,39.7,2.3,33.3,3.6,36.5,3.2,"['fog', 'clear sky', 'few clouds', 'thunderstorm with heavy rain', 'light rain', 'extreme rain', 'clear sky', 'few clouds', 'clear sky', 'fog']",37
Hyderabad,Kadapa,17.385,78.4867,14.4674,78.8241,326.4,391,38.1,3.5,30.2,4.7,35.3,4.5,"['scattered clouds', 'overcast clouds', 'clear sky', 'haze', 'scattered clouds', 'heavy thunderstorm', 'haze', 'thunderstorm with heavy rain', 'few clouds', 'overcast clouds']",27
Visakhapatnam,Warangal,17.6868,83.2185,17.9784,79.5941,385,462,30.9,4.3,35.3,2.7,33.9,3.6,"['mist', 'clear sky', 'very heavy rain', 'clear sky', 'clear sky', 'moderate rain', 'clear sky', 'scattered clouds', 'broken clouds', 'light rain']",26
Karimnagar,Kurnool,18.4386,79.1288,15.8281,78.0373,312.6,375,34.6,2.4,34.5,3.9,34.8,3.1,"['overcast clouds', 'clear sky', 'overcast clouds', 'thunderstorm with rain', 'very heavy rain', 'clear sky', 'broken clouds', 'clear sky', 'clear sky', 'scattered clouds']",24
Kadapa,Nellore,14.4674,78.8241,14.4426,79.9865,125.2,150,36.2,3.5,38.6,4.8,37.8,3.7,"['clear sky', 'clear sky', 'few clouds', 'clear sky', 'few clouds', 'few clouds']",5
Guntur,Kadapa,16.3067,80.4365,14.4674,78.8241,267.8,321,34.5,4.3,34.5,4,35.3,4.3,"['overcast clouds', 'extreme rain', 'thunderstorm with rain', 'few clouds', 'clear sky', 'scattered clouds', 'clear sky', 'clear sky', 'clear sky', 'clear sky']",17
Visakhapatnam,Nizamabad,17.6868,83.2185,18.6725,78.0941,552.3,662,31.7,3.5,38.7,1.7,36.5,2.8,"['clear sky', 'few clouds', 'clear sky', 'few clouds', 'few clouds', 'few clouds']",7
Khammam,Tirupati,17.2473,80.1514,13.6288,79.4192,409.9,491,39.5,2.9,31.7,3.3,36.4,3.2,"['few clouds', 'few clouds', 'clear sky', 'few clouds', 'clear sky', 'clear sky']",8
Tirupati,Anantapur,13.6288,79.4192,14.6819,77.6006,228.4,274,30.2,4.5,32.9,2.1,32.3,3.7,"['clear sky', 'scattered clouds', 'clear sky', 'scattered clouds', 'few clouds', 'few clouds']",7
Tirupati,Kadapa,13.6288,79.4192,14.4674,78.8241,113.2,135,30,1.4,36.2,3.2,31.5,2.4,"['clear sky', 'few clouds', 'few clouds', 'few clouds', 'clear sky', 'clear sky']",6
Guntur,Nizamabad,16.3067,80.4365,18.6725,78.0941,361.8,434,31.2,3.9,38.7,4.2,34.7,4.4,"['light rain', 'extreme rain', 'clear sky', 'clear sky', 'mist', 'clear sky', 'overcast clouds', 'overcast clouds', 'scattered clouds', 'clear sky']",20
Rajahmundry,Khammam,17.0005,81.804,17.2473,80.1514,177.7,213,35.6,1.9,36,2.7,37.3,2.6,"['overcast clouds', 'clear sky', 'clear sky', 'clear sky', 'extreme rain', 'clear sky', 'scattered clouds', 'few clouds', 'clear sky', 'few clouds']",16
Kadapa,Hyderabad,14.4674,78.8241,17.385,78.4867,326.4,391,34.3,4.3,36.8,4.8,37.2,5,"['clear sky', 'clear sky', 'overcast clouds', 'haze', 'thunderstorm with heavy rain', 'clear sky', 'scattered clouds', 'few clouds', 'extreme rain', 'clear sky']",20
Nizamabad,Tirupati,18.6725,78.0941,13.6288,79.4192,578.4,694,32.4,1.8,31.5,1.4,32.6,1.9,"['haze', 'clear sky', 'clear sky', 'clear sky', 'clear sky', 'broken clouds', 'heavy intensity rain', 'clear sky', 'light rain', 'heavy intensity rain']",29
Tirupati,Khammam,13.6288,79.4192,17.2473,80.1514,409.9,491,31.3,4.3,38.1,1,33.5,2.3,"['clear sky', 'mist', 'scattered clouds', 'clear sky', 'few clouds', 'few clouds', 'few clouds', 'clear sky', 'thunderstorm with rain', 'very heavy rain']",26
Tirupati,Nellore,13.6288,79.4192,14.4426,79.9865,109.2,131,31.8,4.3,40,2.4,36.1,3.6,"['clear sky', 'light rain', 'heavy thunderstorm', 'clear sky', 'clear sky', 'scattered clouds', 'scattered clouds', 'scattered clouds', 'few clouds', 'few clouds']",12
Tirupati,Rajahmundry,13.6288,79.4192,17.0005,81.804,453.8,544,33.8,4.6,31.2,3.9,31.8,4,"['scattered clouds', 'light rain', 'broken clouds', 'clear sky', 'extreme rain', 'few clouds', 'clear sky', 'clear sky', 'few clouds', 'overcast clouds']",14
Anantapur,Guntur,14.6819,77.6006,16.3067,80.4365,353.5,424,39,1.5,34.9,1.2,35.9,1.3,"['scattered clouds', 'broken clouds', 'clear sky', 'few clouds', 'clear sky', 'heavy intensity rain', 'haze', 'clear sky', 'few clouds', 'few clouds']",12
Anantapur,Visakhapatnam,14.6819,77.6006,17.6868,83.2185,686.6,823,35.7,4.6,35.2,3.4,35.3,4.5,"['clear sky', 'few clouds', 'clear sky', 'thunderstorm with rain', 'light rain', 'heavy intensity rain', 'clear sky', 'fog', 'clear sky', 'clear sky']",38
Khammam,Tirupati,17.2473,80.1514,13.6288,79.4192,409.9,491,37.2,2.5,39,2.3,38,2.1,"['broken clouds', 'clear sky', 'thunderstorm with heavy rain', 'heavy intensity rain', 'few clouds', 'scattered clouds', 'clear sky', 'few clouds', 'clear sky', 'clear sky']",25
Adilabad,Khammam,19.6667,78.5333,17.2473,80.1514,318.6,382,31.2,2.6,32.3,2.2,31.4,2.1,"['thunderstorm with rain', 'thunderstorm with heavy rain', 'scattered clouds', 'clear sky', 'overcast clouds', 'clear sky', 'broken clouds', 'extreme rain', 'overcast clouds', 'clear sky']",29
Guntur,Adilabad,16.3067,80.4365,19.6667,78.5333,424.4,509,36.4,1.9,32.7,4.5,34.7,3.2,"['scattered clouds', 'scattered clouds', 'few clouds', 'clear sky', 'clear sky', 'clear sky']",7
Kadapa,Karimnagar,14.4674,78.8241,18.4386,79.1288,442.8,531,37.5,4.3,39.7,3.9,39.6,3.9,"['thunderstorm with rain', 'very heavy rain', 'thunderstorm with rain', 'broken clouds', 'broken clouds', 'fog', 'scattered clouds', 'clear sky', 'few clouds', 'clear sky']",25
Tirupati,Nizamabad,13.6288,79.4192,18.6725,78.0941,578.4,694,38,3.8,31.2,3.6,36.4,4.1,"['clear sky', 'few clouds', 'scattered clouds', 'scattered clouds', 'scattered clouds', 'clear sky']",8
Vijayawada,Karimnagar,16.5062,80.648,18.4386,79.1288,268.6,322,34.8,3.7,37.9,4,37.8,3.4,"['clear sky', 'clear sky', 'clear sky', 'scattered clouds', 'clear sky', 'scattered clouds']",6
Warangal,Visakhapatnam,17.9784,79.5941,17.6868,83.2185,385,462,36.7,3,37.8,4.4,37.8,3.4,"['clear sky', 'extreme rain', 'heavy thunderstorm', 'few clouds', 'clear sky', 'thunderstorm with rain', 'clear sky', 'thunderstorm with rain', 'clear sky', 'moderate rain']",45
Vijayawada,Khammam,16.5062,80.648,17.2473,80.1514,97.9,117,36.9,1.8,36,2.1,35.4,1.5,"['heavy intensity rain', 'scattered clouds', 'overcast clouds', 'clear sky', 'heavy thunderstorm', 'fog', 'clear sky', 'thunderstorm with heavy rain', 'overcast clouds', 'clear sky']",18
Rajahmundry,Kurnool,17.0005,81.804,15.8281,78.0373,422.4,506,37,1.8,31.7,4.2,35.3,3.5,"['few clouds', 'fog', 'extreme rain', 'clear sky', 'few clouds', 'scattered clouds', 'clear sky', 'broken clouds', 'clear sky', 'mist']",15
Nizamabad,Karimnagar,18.6725,78.0941,18.4386,79.1288,112.1,134,35.4,4.4,30.2,3.3,32.8,3.4,"['scattered clouds', 'clear sky', 'few clouds', 'few clouds', 'clear sky', 'few clouds']",6
Rajahmundry,Kurnool,17.0005,81.804,15.8281,78.0373,422.4,506,30.8,3.8,31.1,2.1,29.5,2.7,"['clear sky', 'scattered clouds', 'few clouds', 'clear sky', 'clear sky', 'moderate rain', 'light rain', 'light rain', 'fog', 'clear sky']",23
Guntur,Rajahmundry,16.3067,80.4365,17.0005,81.804,164.8,197,34.3,1.7,31.8,4.5,31.5,3.2,"['broken clouds', 'thunderstorm with heavy rain', 'light rain', 'scattered clouds', 'clear sky', 'scattered clouds', 'few clouds', 'clear sky', 'few clouds', 'scattered clouds']",14
Kadapa,Vijayawada,14.4674,78.8241,16.5062,80.648,299.3,359,32.2,2.5,30.7,4.6,30,3.4,"['mist', 'few clouds', 'clear sky', 'clear sky', 'few clouds', 'moderate rain', 'overcast clouds', 'clear sky', 'heavy intensity rain', 'few clouds']",18
Rajahmundry,Nizamabad,17.0005,81.804,18.6725,78.0941,434.5,521,38.7,2.1,31.8,2.2,35.5,2.5,"['light rain', 'clear sky', 'clear sky', 'light rain', 'scattered clouds', 'clear sky', 'heavy intensity rain', 'clear sky', 'clear sky', 'scattered clouds']",22
Tirupati,Nellore,13.6288,79.4192,14.4426,79.9865,109.2,131,37.1,4.9,39.4,4.9,39.7,5.2,"['broken clouds', 'very heavy rain', 'few clouds', 'extreme rain', 'clear sky', 'heavy intensity rain', 'scattered clouds', 'few clouds', 'clear sky', 'light rain']",19
Hyderbad,Nellore,17.385,78.4867,14.4426,79.9865,456.37,500,33.3,2.95,27,3.4,33,3.3,"['overcast clouds', 'overcast clouds', 'overcast clouds', 'overcast clouds', 'overcast clouds', 'overcast clouds', 'overcast clouds', 'overcast clouds', 'overcast clouds', 'overcast clouds']",3
Tirupati,Hyderabad,14.4426,79.9865,17.385,78.4867,456.37,500,33.3,2.95,27,3.4,33,3.3,"['overcast clouds', 'overcast clouds', 'overcast clouds', 'overcast clouds', 'overcast clouds', 'overcast clouds', 'overcast clouds', 'overcast clouds', 'overcast clouds', 'overcast clouds']",5
Hyderabad,Tirupati,17.385,78.4867,13.6288,79.4192,551.16,550,27,3.1,29,3.1,30,3.1,"['overcast clouds', 'overcast clouds', 'overcast clouds', 'overcast clouds', 'overcast clouds', 'overcast clouds', 'overcast clouds', 'overcast clouds', 'overcast clouds', 'overcast clouds']",9
Tirupati,Nellore,13.6288,79.4192,14.4426,79.9865,136.37,250,33,3.1,30,3.1,31,3.1,"['overcast clouds', 'overcast clouds', 'overcast clouds', 'overcast clouds', 'overcast clouds', 'overcast clouds', 'overcast clouds', 'overcast clouds', 'overcast clouds', 'overcast clouds']",3
Nellore ,Tirupati,14.4426,79.9865,13.6288,79.4192,136.37,250,33,3.1,30,3.1,31,3.1,"['overcast clouds', 'overcast clouds', 'overcast clouds', 'overcast clouds', 'overcast clouds', 'overcast clouds', 'overcast clouds', 'overcast clouds', 'overcast clouds', 'overcast clouds']",3
Nellore,Hyderabad,14.4426,79.9865,17.385,78.4867,456.37,500,33.3,2.95,27,3.4,33,3.3,"['overcast clouds', 'overcast clouds', 'overcast clouds', 'overcast clouds', 'overcast clouds', 'overcast clouds', 'overcast clouds', 'overcast clouds', 'overcast clouds', 'overcast clouds']",12
Nizamabad,Rajahmundry,18.6725,78.0941,17.0005,81.804,434.5,521,38.4,4.1,38.1,4.1,39.8,4.1,"['clear sky', 'overcast clouds', 'few clouds', 'few clouds', 'overcast clouds', 'mist', 'clear sky', 'few clouds', 'overcast clouds', 'few clouds']",9
Vijayawada,Nizamabad,16.5062,80.648,18.6725,78.0941,362.3,434,37.1,1.3,38.1,3,38.7,2.6,"['few clouds', 'clear sky', 'few clouds', 'clear sky', 'few clouds', 'few clouds']",9
Nellore,Rajahmundry,14.4426,79.9865,17.0005,81.804,344.6,413,37.7,3.4,36.7,2,37,2.9,"['mist', 'few clouds', 'clear sky', 'extreme rain', 'moderate rain', 'clear sky', 'scattered clouds', 'few clouds', 'clear sky', 'clear sky']",22
Kadapa,Nellore,14.4674,78.8241,14.4426,79.9865,125.2,150,33,2.9,33.6,4.2,33.3,3.9,"['thunderstorm with rain', 'few clouds', 'clear sky', 'fog', 'few clouds', 'thunderstorm with heavy rain', 'fog', 'very heavy rain', 'broken clouds', 'clear sky']",17
Khammam,Nizamabad,17.2473,80.1514,18.6725,78.0941,269.2,323,38.4,4.8,36.4,2.3,37.1,3.6,"['clear sky', 'scattered clouds', 'few clouds', 'few clouds', 'overcast clouds', 'clear sky', 'clear sky', 'mist', 'thunderstorm with rain', 'few clouds']",12
Adilabad,Rajahmundry,19.6667,78.5333,17.0005,81.804,455,546,39.2,3.3,38,1.2,37.3,1.9,"['broken clouds', 'heavy intensity rain', 'clear sky', 'broken clouds', 'few clouds', 'clear sky', 'extreme rain', 'thunderstorm with heavy rain', 'clear sky', 'few clouds']",18
Warangal,Vijayawada,17.9784,79.5941,16.5062,80.648,198.3,237,39.6,4,38.1,2.1,39.4,2.8,"['clear sky', 'clear sky', 'scattered clouds', 'clear sky', 'few clouds', 'scattered clouds']",7
Hyderabad,Nellore,17.385,78.4867,14.4426,79.9865,364.4,437,36.8,1.1,37.9,4.8,38,2.9,"['overcast clouds', 'clear sky', 'extreme rain', 'clear sky', 'clear sky', 'overcast clouds', 'clear sky', 'very heavy rain', 'overcast clouds', 'clear sky']",20
Tirupati,Warangal,13.6288,79.4192,17.9784,79.5941,484,580,33.5,3.9,32.1,3.1,31.9,4,"['few clouds', 'clear sky', 'few clouds', 'scattered clouds', 'scattered clouds', 'few clouds']",9
Khammam,Rajahmundry,17.2473,80.1514,17.0005,81.804,177.7,213,34.1,3.6,39,1.8,35,2.4,"['clear sky', 'clear sky', 'clear sky', 'mist', 'scattered clouds', 'clear sky', 'overcast clouds', 'fog', 'very heavy rain', 'clear sky']",7
Rajahmundry,Nellore,17.0005,81.804,14.4426,79.9865,344.6,413,30.8,3.7,30.4,5,31.1,4.1,"['few clouds', 'scattered clouds', 'clear sky', 'few clouds', 'few clouds', 'scattered clouds']",8
Kurnool,Guntur,15.8281,78.0373,16.3067,80.4365,261.8,314,33.6,3,31.7,1.7,32.3,2.7,"['clear sky', 'thunderstorm with heavy rain', 'clear sky', 'broken clouds', 'clear sky', 'broken clouds', 'overcast clouds', 'fog', 'broken clouds', 'moderate rain']",20
Warangal,Anantapur,17.9784,79.5941,14.6819,77.6006,423.8,508,36.2,4.9,38.3,1.1,37.8,3.2,"['fog', 'fog', 'clear sky', 'clear sky', 'clear sky', 'clear sky', 'few clouds', 'scattered clouds', 'broken clouds', 'few clouds']",9
Vijayawada,Karimnagar,16.5062,80.648,18.4386,79.1288,268.6,322,30.2,4.1,30,3,30.2,3.7,"['clear sky', 'fog', 'overcast clouds', 'overcast clouds', 'scattered clouds', 'heavy thunderstorm', 'clear sky', 'haze', 'clear sky', 'broken clouds']",14
Adilabad,Nellore,19.6667,78.5333,14.4426,79.9865,601.1,721,33.5,2.6,38.4,1.6,34.6,2.3,"['few clouds', 'fog', 'overcast clouds', 'clear sky', 'heavy intensity rain', 'overcast clouds', 'light rain', 'few clouds', 'clear sky', 'clear sky']",25
Karimnagar,Warangal,18.4386,79.1288,17.9784,79.5941,71,85,30.2,3.4,31.2,2.5,28.9,2.8,"['thunderstorm with rain', 'heavy thunderstorm', 'moderate rain', 'overcast clouds', 'clear sky', 'overcast clouds', 'broken clouds', 'heavy thunderstorm', 'mist', 'mist']",11
Khammam,Anantapur,17.2473,80.1514,14.6819,77.6006,394.6,473,32.3,4.4,30.1,3.1,32.8,4,"['clear sky', 'few clouds', 'clear sky', 'clear sky', 'clear sky', 'scattered clouds']",9
Karimnagar,Guntur,18.4386,79.1288,16.3067,80.4365,274.7,329,35.9,2.9,33.7,3.4,33,3,"['thunderstorm with rain', 'overcast clouds', 'thunderstorm with heavy rain', 'clear sky', 'clear sky', 'few clouds', 'clear sky', 'fog', 'clear sky', 'thunderstorm with rain']",25
Nizamabad,Anantapur,18.6725,78.0941,14.6819,77.6006,446.8,536,38.5,4.6,35,4.9,36.1,4.6,"['scattered clouds', 'clear sky', 'clear sky', 'fog', 'very heavy rain', 'broken clouds', 'very heavy rain', 'few clouds', 'clear sky', 'clear sky']",27
Karimnagar,Hyderabad,18.4386,79.1288,17.385,78.4867,135.4,162,33.1,1.3,30.4,4.2,29.9,2.5,"['few clouds', 'overcast clouds', 'clear sky', 'few clouds', 'few clouds', 'mist', 'haze', 'overcast clouds', 'haze', 'moderate rain']",15
Anantapur,Kurnool,14.6819,77.6006,15.8281,78.0373,135.8,162,39.3,2.1,36.7,1.1,37.5,2,"['few clouds', 'clear sky', 'few clouds', 'clear sky', 'light rain', 'scattered clouds', 'few clouds', 'heavy intensity rain', 'haze', 'few clouds']",11
Anantapur,Visakhapatnam,14.6819,77.6006,17.6868,83.2185,686.6,823,38.6,2.9,31.2,1.2,33.2,2.1,"['clear sky', 'moderate rain', 'clear sky', 'clear sky', 'very heavy rain', 'fog', 'scattered clouds', 'few clouds', 'haze', 'clear sky']",17
Kurnool,Guntur,15.8281,78.0373,16.3067,80.4365,261.8,314,38.5,2.3,32,1.3,36.3,1.5,"['clear sky', 'broken clouds', 'heavy thunderstorm', 'few clouds', 'overcast clouds', 'clear sky', 'light rain', 'heavy thunderstorm', 'clear sky', 'clear sky']",16
Visakhapatnam,Nizamabad,17.6868,83.2185,18.6725,78.0941,552.3,662,30.7,3.3,39.9,3.8,35.4,3.9,"['clear sky', 'few clouds', 'heavy intensity rain', 'few clouds', 'clear sky', 'very heavy rain', 'clear sky', 'clear sky', 'haze', 'clear sky']",27
Rajahmundry,Khammam,17.0005,81.804,17.2473,80.1514,177.7,213,38.9,1.9,36.1,1.4,36.4,1.2,"['overcast clouds', 'scattered clouds', 'clear sky', 'clear sky', 'clear sky', 'clear sky', 'thunderstorm with heavy rain', 'clear sky', 'clear sky', 'overcast clouds']",16
Vijayawada,Kurnool,16.5062,80.648,15.8281,78.0373,288.8,346,32.4,1.1,36.4,2.1,34.4,1.2,"['haze', 'clear sky', 'clear sky', 'thunderstorm with heavy rain', 'scattered clouds', 'clear sky', 'haze', 'extreme rain', 'heavy intensity rain', 'fog']",30
Nellore,Hyderabad,14.4426,79.9865,17.385,78.4867,364.4,437,30.5,2.2,30.2,3.1,31.4,2.8,"['few clouds', 'clear sky', 'mist', 'thunderstorm with heavy rain', 'clear sky', 'few clouds', 'haze', 'clear sky', 'haze', 'heavy intensity rain']",25
Kurnool,Tirupati,15.8281,78.0373,13.6288,79.4192,286.2,343,31.9,3.3,35.1,3,34.8,3,"['broken clouds', 'scattered clouds', 'clear sky', 'moderate rain', 'extreme rain', 'clear sky', 'clear sky', 'fog', 'clear sky', 'fog']",18
Nizamabad,Adilabad,18.6725,78.0941,19.6667,78.5333,119.8,143,33.3,1.9,38.6,2.5,34,2.6,"['very heavy rain', 'clear sky', 'scattered clouds', 'clear sky', 'clear sky', 'clear sky', 'clear sky', 'heavy intensity rain', 'few clouds', 'few clouds']",17
Nellore,Karimnagar,14.4426,79.9865,18.4386,79.1288,453.6,544,38.3,3.4,33.9,1.2,35.1,1.8,"['broken clouds', 'clear sky', 'few clouds', 'clear sky', 'heavy thunderstorm', 'clear sky', 'clear sky', 'clear sky', 'clear sky', 'clear sky']",14
Khammam,Nizamabad,17.2473,80.1514,18.6725,78.0941,269.2,323,37.6,3.8,31.1,1.7,33.7,2.5,"['light rain', 'few clouds', 'fog', 'extreme rain', 'clear sky', 'heavy intensity rain', 'light rain', 'extreme rain', 'broken clouds', 'scattered clouds']",37
Hyderabad,Kadapa,17.385,78.4867,14.4674,78.8241,326.4,391,33.3,4.6,37.2,1.5,37,3,"['thunderstorm with heavy rain', 'clear sky', 'clear sky', 'clear sky', 'scattered clouds', 'broken clouds', 'fog', 'heavy intensity rain', 'overcast clouds', 'very heavy rain']",27
Rajahmundry,Nizamabad,17.0005,81.804,18.6725,78.0941,434.5,521,38,1.1,30.5,4.1,33.7,3,"['very heavy rain', 'clear sky', 'mist', 'overcast clouds', 'clear sky', 'scattered clouds', 'broken clouds', 'clear sky', 'clear sky', 'moderate rain']",19
Anantapur,Adilabad,14.6819,77.6006,19.6667,78.5333,563.1,675,32.3,2.3,31.1,3.8,30.1,3.4,"['few clouds', 'heavy thunderstorm', 'very heavy rain', 'overcast clouds', 'haze', 'clear sky', 'clear sky', 'moderate rain', 'broken clouds', 'heavy intensity rain']",25
Guntur,Khammam,16.3067,80.4365,17.2473,80.1514,108.9,130,31.6,4.6,32.5,1.7,33.4,3.5,"['few clouds', 'clear sky', 'clear sky', 'overcast clouds', 'clear sky', 'broken clouds', 'very heavy rain', 'clear sky', 'few clouds', 'broken clouds']",4
Guntur,Kadapa,16.3067,80.4365,14.4674,78.8241,267.8,321,34.5,2.7,33.3,2.2,33.7,2.4,"['clear sky', 'clear sky', 'heavy intensity rain', 'clear sky', 'fog', 'clear sky', 'light rain', 'haze', 'mist', 'fog']",19
Hyderbad,Nellore,17.385,78.4867,14.4426,79.9865,456.37,500,33.3,2.95,27,3.4,33,3.3,"['overcast clouds', 'overcast clouds', 'overcast clouds', 'overcast clouds', 'overcast clouds', 'overcast clouds', 'overcast clouds', 'overcast clouds', 'overcast clouds', 'overcast clouds']",7
Tirupati,Hyderabad,14.4426,79.9865,17.385,78.4867,456.37,500,33.3,2.95,27,3.4,33,3.3,"['overcast clouds', 'overcast clouds', 'overcast clouds', 'overcast clouds', 'overcast clouds', 'overcast clouds', 'overcast clouds', 'overcast clouds', 'overcast clouds', 'overcast clouds']",9
Hyderabad,Tirupati,17.385,78.4867,13.6288,79.4192,551.16,550,27,3.1,29,3.1,30,3.1,"['overcast clouds', 'overcast clouds', 'overcast clouds', 'overcast clouds', 'overcast clouds', 'overcast clouds', 'overcast clouds', 'overcast clouds', 'overcast clouds', 'overcast clouds']",12
Tirupati,Nellore,13.6288,79.4192,14.4426,79.9865,136.37,250,33,3.1,30,3.1,31,3.1,"['overcast clouds', 'overcast clouds', 'overcast clouds', 'overcast clouds', 'overcast clouds', 'overcast clouds', 'overcast clouds', 'overcast clouds', 'overcast clouds', 'overcast clouds']",8
Nellore ,Tirupati,14.4426,79.9865,13.6288,79.4192,136.37,250,33,3.1,30,3.1,31,3.1,"['overcast clouds', 'overcast clouds', 'overcast clouds', 'overcast clouds', 'overcast clouds', 'overcast clouds', 'overcast clouds', 'overcast clouds', 'overcast clouds', 'overcast clouds']",5
Nellore,Hyderabad,14.4426,79.9865,17.385,78.4867,456.37,500,33.3,2.95,27,3.4,33,3.3,"['overcast clouds', 'overcast clouds', 'overcast clouds', 'overcast clouds', 'overcast clouds', 'overcast clouds', 'overcast clouds', 'overcast clouds', 'overcast clouds', 'overcast clouds']",11
Khammam,Tirupati,17.2473,80.1514,13.6288,79.4192,409.9,491,35.2,2.9,37.4,4,37.8,3.2,"['few clouds', 'mist', 'mist', 'thunderstorm with heavy rain', 'clear sky', 'broken clouds', 'overcast clouds', 'clear sky', 'thunderstorm with heavy rain', 'clear sky']",20
Khammam,Vijayawada,17.2473,80.1514,16.5062,80.648,97.9,117,36.9,3.8,38,4.8,36.4,4.1,"['broken clouds', 'haze', 'very heavy rain', 'moderate rain', 'overcast clouds', 'clear sky', 'few clouds', 'clear sky', 'broken clouds', 'clear sky']",9
Hyderabad,Kadapa,17.385,78.4867,14.4674,78.8241,326.4,391,32.2,3.8,33.2,2.1,30.9,3.4,"['thunderstorm with rain', 'scattered clouds', 'fog', 'broken clouds', 'scattered clouds', 'scattered clouds', 'haze', 'very heavy rain', 'few clouds', 'clear sky']",19
Kurnool,Khammam,15.8281,78.0373,17.2473,80.1514,275.1,330,36.3,4.3,30.3,4.4,34.4,4.8,"['very heavy rain', 'clear sky', 'scattered clouds', 'haze', 'clear sky', 'overcast clouds', 'broken clouds', 'mist', 'few clouds', 'few clouds']",12
Kadapa,Tirupati,14.4674,78.8241,13.6288,79.4192,113.2,135,35.8,2.6,37,3.1,35.5,2.7,"['overcast clouds', 'clear sky', 'overcast clouds', 'clear sky', 'very heavy rain', 'light rain', 'clear sky', 'clear sky', 'mist', 'clear sky']",9
Rajahmundry,Khammam,17.0005,81.804,17.2473,80.1514,177.7,213,31.7,3,38.5,4.7,33.3,4.3,"['scattered clouds', 'clear sky', 'clear sky', 'clear sky', 'clear sky', 'clear sky']",7
Nellore,Nizamabad,14.4426,79.9865,18.6725,78.0941,511.7,614,39.1,2.4,36.9,3.9,36.3,2.7,"['clear sky', 'clear sky', 'clear sky', 'few clouds', 'fog', 'heavy intensity rain', 'clear sky', 'thunderstorm with rain', 'scattered clouds', 'haze']",19
Nizamabad,Hyderabad,18.6725,78.0941,17.385,78.4867,149.1,178,39.1,1.8,30.5,4.7,35.2,3.4,"['few clouds', 'clear sky', 'clear sky', 'clear sky', 'mist', 'clear sky', 'few clouds', 'fog', 'broken clouds', 'light rain']",6
Warangal,Adilabad,17.9784,79.5941,19.6667,78.5333,218.4,262,38.1,2.2,39.9,3.6,37,2.5,"['clear sky', 'thunderstorm with heavy rain', 'few clouds', 'light rain', 'fog', 'overcast clouds', 'clear sky', 'scattered clouds', 'clear sky', 'light rain']",19
Rajahmundry,Nizamabad,17.0005,81.804,18.6725,78.0941,434.5,521,32.9,3.6,34.4,2.9,35.5,3,"['clear sky', 'scattered clouds', 'clear sky', 'clear sky', 'clear sky', 'clear sky']",8
Rajahmundry,Vijayawada,17.0005,81.804,16.5062,80.648,134.8,161,36.6,3.1,39.8,4.8,37.3,4.3,"['fog', 'clear sky', 'few clouds', 'clear sky', 'moderate rain', 'few clouds', 'clear sky', 'broken clouds', 'scattered clouds', 'few clouds']",6
Vijayawada,Warangal,16.5062,80.648,17.9784,79.5941,198.3,237,33.3,3.3,35,2.4,32.4,3,"['clear sky', 'haze', 'scattered clouds', 'overcast clouds', 'overcast clouds', 'mist', 'clear sky', 'clear sky', 'overcast clouds', 'overcast clouds']",7
Nellore,Vijayawada,14.4426,79.9865,16.5062,80.648,240.2,288,32.6,3.4,36.1,2.7,32.8,3.3,"['fog', 'light rain', 'few clouds', 'clear sky', 'few clouds', 'scattered clouds', 'clear sky', 'very heavy rain', 'clear sky', 'heavy intensity rain']",17
Kadapa,Kurnool,14.4674,78.8241,15.8281,78.0373,173.3,207,32,1.9,37.9,2.6,34.6,2.6,"['clear sky', 'clear sky', 'clear sky', 'scattered clouds', 'few clouds', 'scattered clouds']",7
Vijayawada,Hyderabad,16.5062,80.648,17.385,78.4867,249.8,299,30.3,2.9,32.7,4.2,31.1,3.8,"['haze', 'moderate rain', 'broken clouds', 'clear sky', 'clear sky', 'clear sky', 'clear sky', 'fog', 'broken clouds', 'overcast clouds']",12
Vijayawada,Karimnagar,16.5062,80.648,18.4386,79.1288,268.6,322,32.2,2.8,33.2,5,31.7,4.3,"['few clouds', 'clear sky', 'extreme rain', 'scattered clouds', 'clear sky', 'few clouds', 'few clouds', 'clear sky', 'clear sky', 'very heavy rain']",22
Vijayawada,Nizamabad,16.5062,80.648,18.6725,78.0941,362.3,434,31.3,1.8,38.8,3.7,33.9,2.9,"['mist', 'clear sky', 'broken clouds', 'thunderstorm with heavy rain', 'clear sky', 'thunderstorm with rain', 'light rain', 'fog', 'clear sky', 'clear sky']",30
Karimnagar,Khammam,18.4386,79.1288,17.2473,80.1514,171.1,205,36.6,3.6,38,1.9,37.4,2.9,"['broken clouds', 'fog', 'clear sky', 'haze', 'heavy thunderstorm', 'heavy intensity rain', 'clear sky', 'clear sky', 'few clouds', 'few clouds']",18
Nizamabad,Kadapa,18.6725,78.0941,14.4674,78.8241,474,568,38.8,3.7,37.3,4.8,39.3,4.2,"['scattered clouds', 'clear sky', 'clear sky', 'clear sky', 'clear sky', 'few clouds']",7
Kurnool,Visakhapatnam,15.8281,78.0373,17.6868,83.2185,589.1,706,30.5,1.3,36.9,1.3,32.3,1.1,"['overcast clouds', 'clear sky', 'clear sky', 'broken clouds', 'clear sky', 'extreme rain', 'clear sky', 'few clouds', 'clear sky', 'scattered clouds']",17
Guntur,Nellore,16.3067,80.4365,14.4426,79.9865,212.8,255,37.5,3,37.5,1.5,37.8,1.9,"['clear sky', 'very heavy rain', 'extreme rain', 'few clouds', 'extreme rain', 'broken clouds', 'clear sky', 'overcast clouds', 'moderate rain', 'few clouds']",35
Kurnool,Khammam,15.8281,78.0373,17.2473,80.1514,275.1,330,34.4,1.8,38.4,2.7,34.9,1.9,"['few clouds', 'clear sky', 'clear sky', 'clear sky', 'clear sky', 'clear sky', 'clear sky', 'clear sky', 'clear sky', 'clear sky']",4
Tirupati,Guntur,13.6288,79.4192,16.3067,80.4365,317.2,380,34.4,2.4,38.1,1.9,34.8,2.5,"['heavy intensity rain', 'clear sky', 'few clouds', 'clear sky', 'heavy intensity rain', 'few clouds', 'few clouds', 'clear sky', 'few clouds', 'haze']",18
Karimnagar,Tirupati,18.4386,79.1288,13.6288,79.4192,535.7,642,38.3,2.7,38.4,1.1,39.2,1.4,"['moderate rain', 'heavy thunderstorm', 'clear sky', 'clear sky', 'light rain', 'moderate rain', 'overcast clouds', 'extreme rain', 'clear sky', 'heavy intensity rain']",50
Visakhapatnam,Khammam,17.6868,83.2185,17.2473,80.1514,329,394,33.6,4.5,39.6,4.8,38.1,4.8,"['few clouds', 'overcast clouds', 'heavy intensity rain', 'clear sky', 'broken clouds', 'clear sky', 'few clouds', 'clear sky', 'clear sky', 'clear sky']",12
Nellore,Kurnool,14.4426,79.9865,15.8281,78.0373,259.8,311,36.4,4.6,33.6,4.1,34.7,4,"['clear sky', 'few clouds', 'scattered clouds', 'few clouds', 'clear sky', 'clear sky']",8
Nizamabad,Warangal,18.6725,78.0941,17.9784,79.5941,176.1,211,36,2.5,37,2.7,38.1,2.9,"['few clouds', 'few clouds', 'clear sky', 'clear sky', 'clear sky', 'few clouds']",7
Vijayawada,Hyderabad,16.5062,80.648,17.385,78.4867,249.8,299,34.2,3.3,38.9,2.7,38.2,2.8,"['clear sky', 'overcast clouds', 'clear sky', 'thunderstorm with heavy rain', 'fog', 'clear sky', 'light rain', 'clear sky', 'heavy intensity rain', 'broken clouds']",22
Visakhapatnam,Nellore,17.6868,83.2185,14.4426,79.9865,499.4,599,38.7,2,31.4,2.6,34.9,2.2,"['clear sky', 'mist', 'mist', 'few clouds', 'scattered clouds', 'broken clouds', 'clear sky', 'broken clouds', 'clear sky', 'overcast clouds']",10
Anantapur,Khammam,14.6819,77.6006,17.2473,80.1514,394.6,473,34.2,3.3,31.3,3.6,34.3,3.6,"['clear sky', 'scattered clouds', 'heavy intensity rain', 'clear sky', 'broken clouds', 'scattered clouds', 'broken clouds', 'broken clouds', 'clear sky', 'scattered clouds']",14
Tirupati,Hyderabad,13.6288,79.4192,17.385,78.4867,429.4,515,35.3,2.9,32.8,4,35.8,3.9,"['fog', 'thunderstorm with rain', 'fog', 'clear sky', 'clear sky', 'clear sky', 'clear sky', 'few clouds', 'scattered clouds', 'clear sky']",13
Karimnagar,Warangal,18.4386,79.1288,17.9784,79.5941,71,85,33.3,4.2,34.3,4.2,34.5,3.8,"['haze', 'haze', 'extreme rain', 'fog', 'extreme rain', 'broken clouds', 'few clouds', 'clear sky', 'fog', 'light rain']",12
Nellore,Karimnagar,14.4426,79.9865,18.4386,79.1288,453.6,544,36,2.9,33.2,3.3,35.9,3.4,"['clear sky', 'scattered clouds', 'clear sky', 'clear sky', 'clear sky', 'overcast clouds', 'clear sky', 'clear sky', 'heavy intensity rain', 'clear sky']",14
Khammam,Warangal,17.2473,80.1514,17.9784,79.5941,100.5,120,35.7,2.7,37.3,2.4,38.3,3,"['clear sky', 'clear sky', 'light rain', 'few clouds', 'heavy thunderstorm', 'clear sky', 'overcast clouds', 'clear sky', 'few clouds', 'clear sky']",11
Kadapa,Warangal,14.4674,78.8241,17.9784,79.5941,399,478,32.6,1.7,39.1,1.6,37.4,1.2,"['haze', 'clear sky', 'very heavy rain', 'scattered clouds', 'very heavy rain', 'clear sky', 'scattered clouds', 'haze', 'clear sky', 'few clouds']",25
Tirupati,Kadapa,13.6288,79.4192,14.4674,78.8241,113.2,135,37.1,3.9,37.8,1.7,37.2,2.4,"['clear sky', 'clear sky', 'few clouds', 'clear sky', 'overcast clouds', 'few clouds', 'thunderstorm with rain', 'clear sky', 'clear sky', 'clear sky']",7
Tirupati,Khammam,13.6288,79.4192,17.2473,80.1514,409.9,491,39.8,4.3,33.8,4,37.6,4.3,"['few clouds', 'clear sky', 'scattered clouds', 'few clouds', 'clear sky', 'clear sky']",9
Tirupati,Kadapa,13.6288,79.4192,14.4674,78.8241,113.2,135,35.3,4.4,35.7,2.2,35.7,3.5,"['scattered clouds', 'clear sky', 'clear sky', 'heavy thunderstorm', 'broken clouds', 'few clouds', 'very heavy rain', 'overcast clouds', 'clear sky', 'broken clouds']",9
Rajahmundry,Karimnagar,17.0005,81.804,18.4386,79.1288,325.4,390,35,1.1,35.4,4.8,33.5,3.1,"['clear sky', 'clear sky', 'few clouds', 'heavy thunderstorm', 'heavy intensity rain', 'scattered clouds', 'clear sky', 'clear sky', 'few clouds', 'overcast clouds']",14
Hyderbad,Nellore,17.385,78.4867,14.4426,79.9865,456.37,500,33.3,2.95,27,3.4,33,3.3,"['overcast clouds', 'overcast clouds', 'overcast clouds', 'overcast clouds', 'overcast clouds', 'overcast clouds', 'overcast clouds', 'overcast clouds', 'overcast clouds', 'overcast clouds']",7
Tirupati,Hyderabad,14.4426,79.9865,17.385,78.4867,456.37,500,33.3,2.95,27,3.4,33,3.3,"['overcast clouds', 'overcast clouds', 'overcast clouds', 'overcast clouds', 'overcast clouds', 'overcast clouds', 'overcast clouds', 'overcast clouds', 'overcast clouds', 'overcast clouds']",9
Hyderabad,Tirupati,17.385,78.4867,13.6288,79.4192,551.16,550,27,3.1,29,3.1,30,3.1,"['overcast clouds', 'overcast clouds', 'overcast clouds', 'overcast clouds', 'overcast clouds', 'overcast clouds', 'overcast clouds', 'overcast clouds', 'overcast clouds', 'overcast clouds']",11
Tirupati,Nellore,13.6288,79.4192,14.4426,79.9865,136.37,250,33,3.1,30,3.1,31,3.1,"['overcast clouds', 'overcast clouds', 'overcast clouds', 'overcast clouds', 'overcast clouds', 'overcast clouds', 'overcast clouds', 'overcast clouds', 'overcast clouds', 'overcast clouds']",2
Nellore ,Tirupati,14.4426,79.9865,13.6288,79.4192,136.37,250,33,3.1,30,3.1,31,3.1,"['overcast clouds', 'overcast clouds', 'overcast clouds', 'overcast clouds', 'overcast clouds', 'overcast clouds', 'overcast clouds', 'overcast clouds', 'overcast clouds', 'overcast clouds']",1
Nellore,Hyderabad,14.4426,79.9865,17.385,78.4867,456.37,500,33.3,2.95,27,3.4,33,3.3,"['overcast clouds', 'overcast clouds', 'overcast clouds', 'overcast clouds', 'overcast clouds', 'overcast clouds', 'overcast clouds', 'overcast clouds', 'overcast clouds', 'overcast clouds']",8
Nellore,Hyderabad,14.4426,79.9865,17.385,78.4867,364.4,437,39.9,4.1,31.1,2.3,36.9,3.4,"['few clouds', 'clear sky', 'fog', 'few clouds', 'clear sky', 'moderate rain', 'clear sky', 'light rain', 'clear sky', 'clear sky']",16
Kurnool,Karimnagar,15.8281,78.0373,18.4386,79.1288,312.6,375,38.3,1.6,34.3,1.6,37.1,1.4,"['few clouds', 'few clouds', 'scattered clouds', 'overcast clouds', 'extreme rain', 'overcast clouds', 'clear sky', 'light rain', 'clear sky', 'few clouds']",17
Karimnagar,Guntur,18.4386,79.1288,16.3067,80.4365,274.7,329,37.8,3.3,36.5,4.9,38.7,4.2,"['few clouds', 'few clouds', 'few clouds', 'clear sky', 'scattered clouds', 'scattered clouds']",8
Kadapa,Nellore,14.4674,78.8241,14.4426,79.9865,125.2,150,30.5,1.8,34.8,1.2,33.6,1.7,"['clear sky', 'clear sky', 'scattered clouds', 'few clouds', 'mist', 'extreme rain', 'few clouds', 'overcast clouds', 'mist', 'clear sky']",9
Adilabad,Tirupati,19.6667,78.5333,13.6288,79.4192,678,813,33.9,2.2,31.8,4.8,33.8,3.7,"['clear sky', 'scattered clouds', 'scattered clouds', 'scattered clouds', 'scattered clouds', 'few clouds']",12
Guntur,Kurnool,16.3067,80.4365,15.8281,78.0373,261.8,314,37.1,1.5,37.8,4.8,35.9,3.3,"['heavy thunderstorm', 'clear sky', 'clear sky', 'light rain', 'few clouds', 'moderate rain', 'haze', 'broken clouds', 'broken clouds', 'extreme rain']",25
Warangal,Nellore,17.9784,79.5941,14.4426,79.9865,395.4,474,32.3,2,39,2.3,34,2.3,"['clear sky', 'clear sky', 'clear sky', 'clear sky', 'scattered clouds', 'very heavy rain', 'mist', 'clear sky', 'broken clouds', 'clear sky']",14
Adilabad,Nellore,19.6667,78.5333,14.4426,79.9865,601.1,721,34.6,1.6,30.8,3.5,31.6,2.2,"['clear sky', 'few clouds', 'scattered clouds', 'fog', 'few clouds', 'clear sky', 'clear sky', 'haze', 'few clouds', 'fog']",12
Khammam,Warangal,17.2473,80.1514,17.9784,79.5941,100.5,120,31.1,1.5,37.1,1.9,33.2,2.1,"['scattered clouds', 'mist', 'clear sky', 'fog', 'moderate rain', 'few clouds', 'fog', 'haze', 'clear sky', 'broken clouds']",11
Adilabad,Anantapur,19.6667,78.5333,14.6819,77.6006,563.1,675,30.9,4.3,31.9,3.6,31.2,3.9,"['clear sky', 'clear sky', 'scattered clouds', 'light rain', 'clear sky', 'clear sky', 'broken clouds', 'haze', 'few clouds', 'clear sky']",16
Kadapa,Warangal,14.4674,78.8241,17.9784,79.5941,399,478,39.7,1.9,35,4.3,38.4,2.7,"['few clouds', 'heavy thunderstorm', 'clear sky', 'moderate rain', 'clear sky', 'clear sky', 'clear sky', 'overcast clouds', 'heavy intensity rain', 'few clouds']",21
Nellore,Adilabad,14.4426,79.9865,19.6667,78.5333,601.1,721,34.8,2.9,39,1.9,38.4,2.3,"['clear sky', 'haze', 'few clouds', 'overcast clouds', 'clear sky', 'scattered clouds', 'few clouds', 'clear sky', 'overcast clouds', 'clear sky']",11
Hyderabad,Guntur,17.385,78.4867,16.3067,80.4365,239.7,287,34.9,4.5,38.7,2.9,37.6,4.2,"['clear sky', 'clear sky', 'scattered clouds', 'clear sky', 'clear sky', 'clear sky', 'broken clouds', 'few clouds', 'scattered clouds', 'clear sky']",7
Nellore,Tirupati,14.4426,79.9865,13.6288,79.4192,109.2,131,33.8,4.8,31.4,3.3,34.4,4.3,"['clear sky', 'clear sky', 'clear sky', 'scattered clouds', 'few clouds', 'very heavy rain', 'thunderstorm with heavy rain', 'few clouds', 'scattered clouds', 'extreme rain']",20
Nizamabad,Karimnagar,18.6725,78.0941,18.4386,79.1288,112.1,134,32.3,2.4,38.2,4.8,37,3.7,"['scattered clouds', 'few clouds', 'clear sky', 'few clouds', 'few clouds', 'few clouds']",6
Nellore,Nizamabad,14.4426,79.9865,18.6725,78.0941,511.7,614,34.7,4.3,34.5,3.7,35.3,3.8,"['clear sky', 'clear sky', 'few clouds', 'few clouds', 'clear sky', 'thunderstorm with heavy rain', 'moderate rain', 'heavy thunderstorm', 'broken clouds', 'clear sky']",30
Vijayawada,Nizamabad,16.5062,80.648,18.6725,78.0941,362.3,434,33,2,31.6,3.3,30.8,2.5,"['heavy intensity rain', 'clear sky', 'clear sky', 'clear sky', 'clear sky', 'few clouds', 'heavy intensity rain', 'clear sky', 'few clouds', 'scattered clouds']",14
Tirupati,Nellore,13.6288,79.4192,14.4426,79.9865,109.2,131,30.5,2.2,30.2,4.8,28.6,3.1,"['very heavy rain', 'overcast clouds', 'few clouds', 'broken clouds', 'clear sky', 'clear sky', 'mist', 'mist', 'clear sky', 'very heavy rain']",16
Khammam,Warangal,17.2473,80.1514,17.9784,79.5941,100.5,120,30.2,3.3,35.1,2.4,34.4,3.2,"['clear sky', 'few clouds', 'few clouds', 'clear sky', 'clear sky', 'clear sky']",6
Visakhapatnam,Guntur,17.6868,83.2185,16.3067,80.4365,333.3,399,34.5,1.1,32.3,4.5,35.2,2.6,"['thunderstorm with rain', 'few clouds', 'thunderstorm with heavy rain', 'very heavy rain', 'few clouds', 'few clouds', 'clear sky', 'clear sky', 'mist', 'overcast clouds']",18
Rajahmundry,Vijayawada,17.0005,81.804,16.5062,80.648,134.8,161,33.3,2.5,38.2,4,35.4,3.2,"['extreme rain', 'very heavy rain', 'clear sky', 'few clouds', 'clear sky', 'clear sky', 'thunderstorm with rain', 'overcast clouds', 'overcast clouds', 'light rain']",19
Hyderabad,Warangal,17.385,78.4867,17.9784,79.5941,134.6,161,36.3,3,31.3,1.2,35.4,2.1,"['clear sky', 'overcast clouds', 'scattered clouds', 'clear sky', 'clear sky', 'overcast clouds', 'extreme rain', 'clear sky', 'haze', 'clear sky']",6
Kadapa,Visakhapatnam,14.4674,78.8241,17.6868,83.2185,590.4,708,33.9,4.3,30.5,2.2,32.1,2.9,"['scattered clouds', 'clear sky', 'few clouds', 'light rain', 'light rain', 'mist', 'light rain', 'clear sky', 'clear sky', 'broken clouds']",30
Hyderabad,Anantapur,17.385,78.4867,14.6819,77.6006,315.1,378,32.9,3.3,36.7,1.6,34.9,2.5,"['few clouds', 'clear sky', 'very heavy rain', 'thunderstorm with rain', 'clear sky', 'haze', 'overcast clouds', 'clear sky', 'clear sky', 'very heavy rain']",27
Khammam,Rajahmundry,17.2473,80.1514,17.0005,81.804,177.7,213,32.1,5,38.6,4.4,34,5.1,"['light rain', 'heavy intensity rain', 'few clouds', 'moderate rain', 'clear sky', 'very heavy rain', 'broken clouds', 'heavy intensity rain', 'light rain', 'overcast clouds']",24
Rajahmundry,Visakhapatnam,17.0005,81.804,17.6868,83.2185,168.4,202,30.6,1.8,37.9,2,35.5,2.4,"['few clouds', 'scattered clouds', 'few clouds', 'few clouds', 'clear sky', 'clear sky']",7
Kadapa,Tirupati,14.4674,78.8241,13.6288,79.4192,113.2,135,35.4,4.2,33,2.8,33.5,3.8,"['scattered clouds', 'thunderstorm with rain', 'clear sky', 'clear sky', 'haze', 'very heavy rain', 'clear sky', 'clear sky', 'fog', 'overcast clouds']",11
Vijayawada,Kadapa,16.5062,80.648,14.4674,78.8241,299.3,359,37,2.7,34.9,4.7,35.6,3.7,"['few clouds', 'mist', 'mist', 'heavy thunderstorm', 'clear sky', 'overcast clouds', 'light rain', 'clear sky', 'haze', 'clear sky']",12
Karimnagar,Nizamabad,18.4386,79.1288,18.6725,78.0941,112.1,134,33.9,2.7,34.1,4.6,35.7,4.1,"['clear sky', 'broken clouds', 'overcast clouds', 'heavy intensity rain', 'overcast clouds', 'moderate rain', 'heavy intensity rain', 'few clouds', 'scattered clouds', 'heavy intensity rain']",11
Rajahmundry,Warangal,17.0005,81.804,17.9784,79.5941,258.4,310,33.1,3.2,31,1.2,31.4,2.1,"['overcast clouds', 'overcast clouds', 'clear sky', 'scattered clouds', 'haze', 'clear sky', 'moderate rain', 'heavy intensity rain', 'scattered clouds', 'moderate rain']",24
Karimnagar,Tirupati,18.4386,79.1288,13.6288,79.4192,535.7,642,30.5,3.2,32.8,3.6,30.7,3.3,"['clear sky', 'broken clouds', 'extreme rain', 'few clouds', 'clear sky', 'clear sky', 'scattered clouds', 'clear sky', 'clear sky', 'clear sky']",14
Guntur,Nellore,16.3067,80.4365,14.4426,79.9865,212.8,255,37.3,2.4,33.5,3.4,34.6,2.5,"['very heavy rain', 'clear sky', 'extreme rain', 'clear sky', 'few clouds', 'broken clouds', 'clear sky', 'fog', 'few clouds', 'heavy intensity rain']",35
Visakhapatnam,Khammam,17.6868,83.2185,17.2473,80.1514,329,394,36.2,2.9,37.2,3.6,38.3,3.6,"['broken clouds', 'broken clouds', 'mist', 'clear sky', 'few clouds', 'scattered clouds', 'clear sky', 'clear sky', 'clear sky', 'light rain']",12
Visakhapatnam,Hyderabad,17.6868,83.2185,17.385,78.4867,502.8,603,36,4.8,34.2,4.6,34.3,4.2,"['scattered clouds', 'scattered clouds', 'scattered clouds', 'scattered clouds', 'scattered clouds', 'few clouds']",9
Rajahmundry,Karimnagar,17.0005,81.804,18.4386,79.1288,325.4,390,31.1,3.4,31.8,1.4,33.1,2.5,"['few clouds', 'few clouds', 'mist', 'extreme rain', 'overcast clouds', 'light rain', 'fog', 'clear sky', 'clear sky', 'clear sky']",19
Vijayawada,Khammam,16.5062,80.648,17.2473,80.1514,97.9,117,30.4,3,35.2,1.9,34.3,2.9,"['clear sky', 'overcast clouds', 'heavy thunderstorm', 'heavy intensity rain', 'haze', 'few clouds', 'broken clouds', 'mist', 'moderate rain', 'few clouds']",10
Karimnagar,Nizamabad,18.4386,79.1288,18.6725,78.0941,112.1,134,36.9,4.1,38.6,2.4,36.4,3.3,"['few clouds', 'extreme rain', 'moderate rain', 'clear sky', 'clear sky', 'clear sky', 'clear sky', 'broken clouds', 'broken clouds', 'overcast clouds']",9
Visakhapatnam,Karimnagar,17.6868,83.2185,18.4386,79.1288,440.3,528,34,1.4,39.6,3.1,35.5,2.6,"['scattered clouds', 'few clouds', 'few clouds', 'clear sky', 'few clouds', 'few clouds']",9
Tirupati,Kadapa,13.6288,79.4192,14.4674,78.8241,113.2,135,34.5,2.8,31.7,1.5,31.8,2.6,"['moderate rain', 'clear sky', 'moderate rain', 'clear sky', 'haze', 'broken clouds', 'clear sky', 'few clouds', 'clear sky', 'few clouds']",9
Guntur,Nellore,16.3067,80.4365,14.4426,79.9865,212.8,255,33.2,2.7,35.8,2.7,36,2.6,"['mist', 'few clouds', 'clear sky', 'few clouds', 'few clouds', 'clear sky', 'overcast clouds', 'clear sky', 'broken clouds', 'overcast clouds']",7
Vijayawada,Nellore,16.5062,80.648,14.4426,79.9865,240.2,288,35.3,3.2,38.5,3.5,36.3,3.3,"['scattered clouds', 'few clouds', 'clear sky', 'clear sky', 'few clouds', 'few clouds']",7
Karimnagar,Adilabad,18.4386,79.1288,19.6667,78.5333,150.2,180,39.6,4.6,31.1,3.1,34.3,3.7,"['mist', 'overcast clouds', 'clear sky', 'scattered clouds', 'scattered clouds', 'haze', 'mist', 'few clouds', 'clear sky', 'mist']",14
Hyderabad,Khammam,17.385,78.4867,17.2473,80.1514,177.4,212,32.5,1.8,38.1,3.5,35.6,2.7,"['heavy thunderstorm', 'mist', 'few clouds', 'moderate rain', 'light rain', 'few clouds', 'few clouds', 'clear sky', 'fog', 'broken clouds']",24
Nellore,Adilabad,14.4426,79.9865,19.6667,78.5333,601.1,721,32.7,2,38.5,3.5,34.3,3.2,"['clear sky', 'few clouds', 'scattered clouds', 'few clouds', 'clear sky', 'clear sky']",11
Karimnagar,Rajahmundry,18.4386,79.1288,17.0005,81.804,325.4,390,35.5,2,39,1.5,37,2.1,"['overcast clouds', 'clear sky', 'broken clouds', 'heavy thunderstorm', 'clear sky', 'clear sky', 'clear sky', 'few clouds', 'very heavy rain', 'scattered clouds']",17
Hyderabad,Kurnool,17.385,78.4867,15.8281,78.0373,179.6,215,37.3,1.9,40,4.3,38.6,3.5,"['scattered clouds', 'clear sky', 'clear sky', 'clear sky', 'clear sky', 'clear sky', 'clear sky', 'scattered clouds', 'broken clouds', 'clear sky']",7
Kadapa,Visakhapatnam,14.4674,78.8241,17.6868,83.2185,590.4,708,37.2,3.8,33.5,4.8,34.1,4.4,"['overcast clouds', 'clear sky', 'clear sky', 'moderate rain', 'clear sky', 'few clouds', 'broken clouds', 'very heavy rain', 'very heavy rain', 'clear sky']",38
Karimnagar,Hyderabad,18.4386,79.1288,17.385,78.4867,135.4,162,34.5,4.9,34,4.9,32.8,5,"['heavy thunderstorm', 'very heavy rain', 'clear sky', 'clear sky', 'scattered clouds', 'scattered clouds', 'moderate rain', 'very heavy rain', 'overcast clouds', 'clear sky']",26
Rajahmundry,Nizamabad,17.0005,81.804,18.6725,78.0941,434.5,521,35.2,4.1,33.4,4.4,33.2,4.4,"['clear sky', 'scattered clouds', 'scattered clouds', 'clear sky', 'scattered clouds', 'scattered clouds']",9
Nellore,Warangal,14.4426,79.9865,17.9784,79.5941,395.4,474,30.7,1.1,36.7,2.6,35,2.1,"['clear sky', 'clear sky', 'clear sky', 'overcast clouds', 'moderate rain', 'very heavy rain', 'fog', 'few clouds', 'scattered clouds', 'clear sky']",19
Nellore,Tirupati,14.4426,79.9865,13.6288,79.4192,109.2,131,36.6,1.4,31.3,2.7,33.5,1.9,"['few clouds', 'moderate rain', 'extreme rain', 'overcast clouds', 'mist', 'clear sky', 'thunderstorm with rain', 'light rain', 'clear sky', 'clear sky']",13
Kadapa,Tirupati,14.4674,78.8241,13.6288,79.4192,113.2,135,38.9,1,38.4,2,39.8,1.5,"['few clouds', 'few clouds', 'scattered clouds', 'scattered clouds', 'scattered clouds', 'few clouds']",6
Kadapa,Adilabad,14.4674,78.8241,19.6667,78.5333,579,694,38.4,4.4,38,4.5,40.1,4,"['clear sky', 'light rain', 'overcast clouds', 'clear sky', 'thunderstorm with rain', 'few clouds', 'scattered clouds', 'broken clouds', 'clear sky', 'clear sky']",14
Guntur,Adilabad,16.3067,80.4365,19.6667,78.5333,424.4,509,31.9,2.9,34.8,4.5,32.5,3.4,"['scattered clouds', 'scattered clouds', 'clear sky', 'scattered clouds', 'few clouds', 'few clouds']",9
Anantapur,Nizamabad,14.6819,77.6006,18.6725,78.0941,446.8,536,35.1,2.7,30.9,4.2,34.8,3.3,"['clear sky', 'thunderstorm with heavy rain', 'haze', 'clear sky', 'scattered clouds', 'clear sky', 'few clouds', 'broken clouds', 'thunderstorm with rain', 'heavy thunderstorm']",37
Nellore,Kadapa,14.4426,79.9865,14.4674,78.8241,125.2,150,33.4,3.9,37.5,2.1,35.7,2.7,"['scattered clouds', 'scattered clouds', 'few clouds', 'scattered clouds', 'few clouds', 'clear sky']",6
Khammam,Kadapa,17.2473,80.1514,14.4674,78.8241,340.1,408,39.6,4.5,37.5,4.5,40.5,4.5,"['few clouds', 'few clouds', 'few clouds', 'scattered clouds', 'few clouds', 'few clouds']",8
Karimnagar,Tirupati,18.4386,79.1288,13.6288,79.4192,535.7,642,35.4,2.3,39.6,4.2,36,2.9,"['clear sky', 'overcast clouds', 'overcast clouds', 'heavy thunderstorm', 'clear sky', 'clear sky', 'overcast clouds', 'few clouds', 'clear sky', 'overcast clouds']",16
Hyderbad,Nellore,17.385,78.4867,14.4426,79.9865,456.37,500,33.3,2.95,27,3.4,33,3.3,"['overcast clouds', 'overcast clouds', 'overcast clouds', 'overcast clouds', 'overcast clouds', 'overcast clouds', 'overcast clouds', 'overcast clouds', 'overcast clouds', 'overcast clouds']",11
Tirupati,Hyderabad,14.4426,79.9865,17.385,78.4867,456.37,500,33.3,2.95,27,3.4,33,3.3,"['overcast clouds', 'overcast clouds', 'overcast clouds', 'overcast clouds', 'overcast clouds', 'overcast clouds', 'overcast clouds', 'overcast clouds', 'overcast clouds', 'overcast clouds']",10
Hyderabad,Tirupati,17.385,78.4867,13.6288,79.4192,551.16,550,27,3.1,29,3.1,30,3.1,"['overcast clouds', 'overcast clouds', 'overcast clouds', 'overcast clouds', 'overcast clouds', 'overcast clouds', 'overcast clouds', 'overcast clouds', 'overcast clouds', 'overcast clouds']",9
Tirupati,Nellore,13.6288,79.4192,14.4426,79.9865,136.37,250,33,3.1,30,3.1,31,3.1,"['overcast clouds', 'overcast clouds', 'overcast clouds', 'overcast clouds', 'overcast clouds', 'overcast clouds', 'overcast clouds', 'overcast clouds', 'overcast clouds', 'overcast clouds']",3
Nellore ,Tirupati,14.4426,79.9865,13.6288,79.4192,136.37,250,33,3.1,30,3.1,31,3.1,"['overcast clouds', 'overcast clouds', 'overcast clouds', 'overcast clouds', 'overcast clouds', 'overcast clouds', 'overcast clouds', 'overcast clouds', 'overcast clouds', 'overcast clouds']",1
Nellore,Hyderabad,14.4426,79.9865,17.385,78.4867,456.37,500,33.3,2.95,27,3.4,33,3.3,"['overcast clouds', 'overcast clouds', 'overcast clouds', 'overcast clouds', 'overcast clouds', 'overcast clouds', 'overcast clouds', 'overcast clouds', 'overcast clouds', 'overcast clouds']",10
Rajahmundry,Karimnagar,17.0005,81.804,18.4386,79.1288,325.4,390,30.3,1.7,34.2,2.8,31.2,2.4,"['clear sky', 'fog', 'clear sky', 'clear sky', 'overcast clouds', 'clear sky', 'broken clouds', 'moderate rain', 'fog', 'mist']",19
Karimnagar,Warangal,18.4386,79.1288,17.9784,79.5941,71,85,39.5,3.2,39.1,3.3,37.3,2.9,"['scattered clouds', 'few clouds', 'clear sky', 'clear sky', 'scattered clouds', 'clear sky']",5
Kurnool,Karimnagar,15.8281,78.0373,18.4386,79.1288,312.6,375,38.5,3.4,34.6,1.4,37.1,2.4,"['scattered clouds', 'few clouds', 'scattered clouds', 'clear sky', 'scattered clouds', 'scattered clouds']",8
Hyderabad,Guntur,17.385,78.4867,16.3067,80.4365,239.7,287,39.4,2.2,32.1,4.3,34.9,3.7,"['scattered clouds', 'clear sky', 'few clouds', 'scattered clouds', 'scattered clouds', 'few clouds']",7
Adilabad,Guntur,19.6667,78.5333,16.3067,80.4365,424.4,509,32.3,4.6,39.1,2.3,35.3,3.1,"['few clouds', 'broken clouds', 'mist', 'clear sky', 'clear sky', 'overcast clouds', 'heavy thunderstorm', 'broken clouds', 'extreme rain', 'extreme rain']",31
Rajahmundry,Karimnagar,17.0005,81.804,18.4386,79.1288,325.4,390,30.3,1.7,34.2,2.8,31.2,2.4,"['clear sky', 'fog', 'clear sky', 'clear sky', 'overcast clouds', 'clear sky', 'broken clouds', 'moderate rain', 'fog', 'mist']",19
Guntur,Vijayawada,16.3067,80.4365,16.5062,80.648,31.6,37,39.9,4,37.9,3.1,40.8,3.9,"['clear sky', 'overcast clouds', 'fog', 'mist', 'broken clouds', 'heavy intensity rain', 'overcast clouds', 'light rain', 'clear sky', 'clear sky']",5
Nizamabad,Anantapur,18.6725,78.0941,14.6819,77.6006,446.8,536,38.4,4.8,30.3,1.5,34.1,3.2,"['very heavy rain', 'mist', 'haze', 'broken clouds', 'heavy intensity rain', 'clear sky', 'few clouds', 'clear sky', 'few clouds', 'heavy intensity rain']",35
Vijayawada,Anantapur,16.5062,80.648,14.6819,77.6006,384.3,461,31.4,2.9,34,2.8,34.4,2.7,"['heavy thunderstorm', 'clear sky', 'heavy intensity rain', 'thunderstorm with heavy rain', 'heavy intensity rain', 'light rain', 'scattered clouds', 'clear sky', 'clear sky', 'broken clouds']",47
Vijayawada,Hyderabad,16.5062,80.648,17.385,78.4867,249.8,299,31.2,4,30.9,1.9,29.2,3.3,"['few clouds', 'clear sky', 'thunderstorm with rain', 'few clouds', 'overcast clouds', 'few clouds', 'clear sky', 'few clouds', 'few clouds', 'overcast clouds']",13
Nellore,Nizamabad,14.4426,79.9865,18.6725,78.0941,511.7,614,32,3.1,34.4,1.8,31.4,2.3,"['few clouds', 'haze', 'few clouds', 'mist', 'very heavy rain', 'clear sky', 'light rain', 'thunderstorm with rain', 'few clouds', 'heavy thunderstorm']",29
Hyderabad,Tirupati,17.385,78.4867,13.6288,79.4192,429.4,515,34.5,5,35.7,1.6,35,3.7,"['clear sky', 'clear sky', 'clear sky', 'scattered clouds', 'overcast clouds', 'clear sky', 'clear sky', 'few clouds', 'moderate rain', 'thunderstorm with rain']",19
Kurnool,Warangal,15.8281,78.0373,17.9784,79.5941,290.9,349,37.3,4.5,33.7,2,36.3,3.3,"['few clouds', 'clear sky', 'clear sky', 'scattered clouds', 'mist', 'extreme rain', 'clear sky', 'few clouds', 'extreme rain', 'overcast clouds']",18
Tirupati,Kurnool,13.6288,79.4192,15.8281,78.0373,286.2,343,38.6,2.6,35.1,2.1,37,2.6,"['clear sky', 'few clouds', 'clear sky', 'clear sky', 'scattered clouds', 'few clouds']",7
Nizamabad,Hyderabad,18.6725,78.0941,17.385,78.4867,149.1,178,34.6,2.7,35.1,2.6,35.5,2.8,"['few clouds', 'few clouds', 'few clouds', 'few clouds', 'few clouds', 'scattered clouds']",6
Kadapa,Hyderabad,14.4674,78.8241,17.385,78.4867,326.4,391,33,3.6,35.3,1.8,33.9,3.2,"['fog', 'very heavy rain', 'clear sky', 'clear sky', 'thunderstorm with heavy rain', 'few clouds', 'overcast clouds', 'very heavy rain', 'clear sky', 'clear sky']",38
Khammam,Karimnagar,17.2473,80.1514,18.4386,79.1288,171.1,205,37.1,2.2,38.1,1.6,37,1.6,"['haze', 'fog', 'scattered clouds', 'clear sky', 'clear sky', 'light rain', 'mist', 'broken clouds', 'scattered clouds', 'scattered clouds']",11
Anantapur,Tirupati,14.6819,77.6006,13.6288,79.4192,228.4,274,32.6,4.8,33.4,1.8,31.1,3,"['heavy intensity rain', 'clear sky', 'very heavy rain', 'moderate rain', 'very heavy rain', 'light rain', 'clear sky', 'clear sky', 'very heavy rain', 'extreme rain']",51
Vijayawada,Kurnool,16.5062,80.648,15.8281,78.0373,288.8,346,39.3,2.8,39,3.4,37.7,3.3,"['few clouds', 'light rain', 'broken clouds', 'few clouds', 'scattered clouds', 'clear sky', 'few clouds', 'scattered clouds', 'scattered clouds', 'clear sky']",8
Guntur,Visakhapatnam,16.3067,80.4365,17.6868,83.2185,333.3,399,38.8,3.2,37.5,2.7,37.7,2.6,"['clear sky', 'clear sky', 'clear sky', 'clear sky', 'very heavy rain', 'clear sky', 'broken clouds', 'overcast clouds', 'clear sky', 'broken clouds']",8
Warangal,Khammam,17.9784,79.5941,17.2473,80.1514,100.5,120,34.3,1.4,32.3,3.6,34.3,2.5,"['clear sky', 'overcast clouds', 'clear sky', 'clear sky', 'clear sky', 'scattered clouds', 'broken clouds', 'few clouds', 'very heavy rain', 'haze']",6
Guntur,Nellore,16.3067,80.4365,14.4426,79.9865,212.8,255,35.6,1.1,38.1,2.2,38.1,1.2,"['clear sky', 'clear sky', 'clear sky', 'clear sky', 'overcast clouds', 'clear sky', 'few clouds', 'few clouds', 'clear sky', 'extreme rain']",14
Hyderabad,Warangal,17.385,78.4867,17.9784,79.5941,134.6,161,34.7,4.8,37.1,1.5,34.9,3.6,"['clear sky', 'overcast clouds', 'scattered clouds', 'clear sky', 'clear sky', 'very heavy rain', 'broken clouds', 'thunderstorm with rain', 'light rain', 'broken clouds']",14
Khammam,Visakhapatnam,17.2473,80.1514,17.6868,83.2185,329,394,39.1,4.4,37.9,1.5,37.1,2.9,"['few clouds', 'clear sky', 'heavy thunderstorm', 'clear sky', 'broken clouds', 'heavy intensity rain', 'few clouds', 'broken clouds', 'clear sky', 'clear sky']",16
Adilabad,Guntur,19.6667,78.5333,16.3067,80.4365,424.4,509,32.3,1.7,39.5,2.1,36.2,2.3,"['clear sky', 'extreme rain', 'clear sky', 'few clouds', 'fog', 'scattered clouds', 'clear sky', 'thunderstorm with heavy rain', 'mist', 'clear sky']",19
Visakhapatnam,Tirupati,17.6868,83.2185,13.6288,79.4192,607.4,728,38.8,4.5,37.8,2.7,39.1,3.8,"['clear sky', 'clear sky', 'overcast clouds', 'mist', 'few clouds', 'broken clouds', 'clear sky', 'few clouds', 'scattered clouds', 'light rain']",11
Nizamabad,Nellore,18.6725,78.0941,14.4426,79.9865,511.7,614,32.9,3.2,35.9,2.5,32.9,2.5,"['broken clouds', 'heavy intensity rain', 'light rain', 'few clouds', 'moderate rain', 'overcast clouds', 'clear sky', 'few clouds', 'clear sky', 'few clouds']",29
Kurnool,Tirupati,15.8281,78.0373,13.6288,79.4192,286.2,343,36.4,3.4,38.1,2.6,36.6,2.7,"['clear sky', 'clear sky', 'clear sky', 'few clouds', 'clear sky', 'scattered clouds', 'clear sky', 'clear sky', 'few clouds', 'thunderstorm with heavy rain']",16
Karimnagar,Nizamabad,18.4386,79.1288,18.6725,78.0941,112.1,134,36.7,4.2,30.6,1.4,35.2,2.3,"['extreme rain', 'overcast clouds', 'clear sky', 'clear sky', 'thunderstorm with rain', 'clear sky', 'extreme rain', 'light rain', 'overcast clouds', 'haze']",21
Guntur,Warangal,16.3067,80.4365,17.9784,79.5941,206.3,247,37.9,2.6,33.1,3.7,37,2.9,"['clear sky', 'few clouds', 'heavy intensity rain', 'broken clouds', 'few clouds', 'broken clouds', 'clear sky', 'clear sky', 'overcast clouds', 'extreme rain']",20
Kadapa,Adilabad,14.4674,78.8241,19.6667,78.5333,579,694,31,3.7,33.4,4.8,33,4.6,"['clear sky', 'clear sky', 'scattered clouds', 'few clouds', 'clear sky', 'scattered clouds']",10
Visakhapatnam,Karimnagar,17.6868,83.2185,18.4386,79.1288,440.3,528,33.5,1.8,35.8,1.7,35.4,2.1,"['overcast clouds', 'clear sky', 'broken clouds', 'clear sky', 'clear sky', 'very heavy rain', 'broken clouds', 'haze', 'moderate rain', 'overcast clouds']",19
Rajahmundry,Warangal,17.0005,81.804,17.9784,79.5941,258.4,310,39,2.6,31.5,2.8,35.7,2.3,"['few clouds', 'few clouds', 'overcast clouds', 'very heavy rain', 'clear sky', 'thunderstorm with heavy rain', 'clear sky', 'moderate rain', 'broken clouds', 'clear sky']",16
Khammam,Visakhapatnam,17.2473,80.1514,17.6868,83.2185,329,394,38.8,2.9,31.3,2.6,35.8,3.1,"['few clouds', 'clear sky', 'overcast clouds', 'clear sky', 'mist', 'thunderstorm with rain', 'clear sky', 'very heavy rain', 'thunderstorm with rain', 'clear sky']",22
Rajahmundry,Guntur,17.0005,81.804,16.3067,80.4365,164.8,197,34.6,2.1,31.8,4.5,35.2,3.7,"['extreme rain', 'few clouds', 'clear sky', 'broken clouds', 'heavy intensity rain', 'light rain', 'mist', 'few clouds', 'broken clouds', 'clear sky']",14
Rajahmundry,Anantapur,17.0005,81.804,14.6819,77.6006,518.3,621,33.7,3.7,35.6,2.2,35.4,2.8,"['clear sky', 'light rain', 'clear sky', 'clear sky', 'broken clouds', 'fog', 'broken clouds', 'clear sky', 'clear sky', 'overcast clouds']",10
Tirupati,Anantapur,13.6288,79.4192,14.6819,77.6006,228.4,274,39.1,1.1,35.3,3.8,37.4,2.8,"['few clouds', 'few clouds', 'broken clouds', 'thunderstorm with heavy rain', 'clear sky', 'clear sky', 'broken clouds', 'clear sky', 'clear sky', 'few clouds']",13
Vijayawada,Kadapa,16.5062,80.648,14.4674,78.8241,299.3,359,36.3,3.6,34.5,2,35.1,3.2,"['overcast clouds', 'clear sky', 'very heavy rain', 'overcast clouds', 'broken clouds', 'clear sky', 'thunderstorm with heavy rain', 'very heavy rain', 'overcast clouds', 'few clouds']",31
Guntur,Nizamabad,16.3067,80.4365,18.6725,78.0941,361.8,434,39.6,2.7,32.2,1.2,37.2,2.1,"['few clouds', 'clear sky', 'clear sky', 'thunderstorm with rain', 'mist', 'few clouds', 'few clouds', 'clear sky', 'clear sky', 'haze']",20
Rajahmundry,Anantapur,17.0005,81.804,14.6819,77.6006,518.3,621,39.7,2.9,38.1,1,40.9,2.4,"['clear sky', 'few clouds', 'broken clouds', 'broken clouds', 'clear sky', 'clear sky', 'mist', 'scattered clouds', 'clear sky', 'clear sky']",10
Karimnagar,Adilabad,18.4386,79.1288,19.6667,78.5333,150.2,180,36.9,3.1,35.3,2.7,34.7,2.9,"['clear sky', 'scattered clouds', 'clear sky', 'overcast clouds', 'broken clouds', 'light rain', 'clear sky', 'clear sky', 'light rain', 'heavy intensity rain']",14
Adilabad,Guntur,19.6667,78.5333,16.3067,80.4365,424.4,509,39.1,4.8,32.8,3.8,35.2,4.2,"['mist', 'thunderstorm with heavy rain', 'extreme rain', 'clear sky', 'clear sky', 'clear sky', 'broken clouds', 'clear sky', 'broken clouds', 'heavy thunderstorm']",27
Hyderabad,Khammam,17.385,78.4867,17.2473,80.1514,177.4,212,34.9,3.7,35.8,1.4,35.7,2.2,"['few clouds', 'few clouds', 'few clouds', 'clear sky', 'scattered clouds', 'few clouds']",7
Guntur,Karimnagar,16.3067,80.4365,18.4386,79.1288,274.7,329,35.3,4,34.3,3.3,35.5,4,"['clear sky', 'heavy intensity rain', 'clear sky', 'very heavy rain', 'clear sky', 'clear sky', 'heavy intensity rain', 'few clouds', 'overcast clouds', 'moderate rain']",35
Karimnagar,Tirupati,18.4386,79.1288,13.6288,79.4192,535.7,642,37.5,3.7,36,1.8,37.4,2.9,"['haze', 'moderate rain', 'fog', 'mist', 'very heavy rain', 'clear sky', 'moderate rain', 'scattered clouds', 'few clouds', 'clear sky']",18
Tirupati,Khammam,13.6288,79.4192,17.2473,80.1514,409.9,491,37.9,2.5,39.3,1.4,38.3,1.6,"['clear sky', 'few clouds', 'few clouds', 'clear sky', 'scattered clouds', 'clear sky']",9
Kadapa,Nellore,14.4674,78.8241,14.4426,79.9865,125.2,150,32.9,2.2,36.9,4.6,35.4,3,"['light rain', 'moderate rain', 'clear sky', 'clear sky', 'light rain', 'heavy intensity rain', 'clear sky', 'clear sky', 'broken clouds', 'few clouds']",15
Kurnool,Tirupati,15.8281,78.0373,13.6288,79.4192,286.2,343,40,4.8,34.7,2.8,35.9,3.7,"['clear sky', 'thunderstorm with heavy rain', 'few clouds', 'scattered clouds', 'clear sky', 'heavy thunderstorm', 'clear sky', 'clear sky', 'broken clouds', 'mist']",21
Warangal,Karimnagar,17.9784,79.5941,18.4386,79.1288,71,85,31.6,4.9,34.4,4.6,31.9,4.6,"['scattered clouds', 'clear sky', 'clear sky', 'fog', 'broken clouds', 'broken clouds', 'overcast clouds', 'heavy thunderstorm', 'heavy thunderstorm', 'few clouds']",10
Karimnagar,Anantapur,18.4386,79.1288,14.6819,77.6006,448.3,537,33.9,2.4,33.2,3.2,33.3,2.4,"['very heavy rain', 'moderate rain', 'clear sky', 'overcast clouds', 'broken clouds', 'very heavy rain', 'few clouds', 'clear sky', 'clear sky', 'clear sky']",31
Kurnool,Warangal,15.8281,78.0373,17.9784,79.5941,290.9,349,33.6,1.4,32.8,2,34.1,1.9,"['clear sky', 'few clouds', 'clear sky', 'scattered clouds', 'clear sky', 'clear sky']",8
Khammam,Nizamabad,17.2473,80.1514,18.6725,78.0941,269.2,323,32.2,2.3,35.4,2.9,35,3,"['heavy intensity rain', 'mist', 'clear sky', 'clear sky', 'clear sky', 'heavy thunderstorm', 'clear sky', 'haze', 'extreme rain', 'mist']",26
Nizamabad,Warangal,18.6725,78.0941,17.9784,79.5941,176.1,211,32.7,3.2,38.6,3.1,34.7,3.3,"['broken clouds', 'overcast clouds', 'fog', 'broken clouds', 'clear sky', 'heavy intensity rain', 'clear sky', 'moderate rain', 'clear sky', 'clear sky']",17
Adilabad,Anantapur,19.6667,78.5333,14.6819,77.6006,563.1,675,34.1,4.8,33.8,4,34,4,"['few clouds', 'clear sky', 'scattered clouds', 'scattered clouds', 'scattered clouds', 'few clouds']",11
Nizamabad,Anantapur,18.6725,78.0941,14.6819,77.6006,446.8,536,37.6,2.8,34.5,1.2,37,2.4,"['extreme rain', 'clear sky', 'broken clouds', 'clear sky', 'clear sky', 'clear sky', 'light rain', 'scattered clouds', 'few clouds', 'mist']",19
Tirupati,Guntur,13.6288,79.4192,16.3067,80.4365,317.2,380,31.2,1.6,35.9,1.9,33.8,1.5,"['haze', 'few clouds', 'light rain', 'very heavy rain', 'few clouds', 'clear sky', 'haze', 'heavy intensity rain', 'clear sky', 'overcast clouds']",25
Guntur,Nellore,16.3067,80.4365,14.4426,79.9865,212.8,255,35.9,1.1,37.2,1.3,38.4,0.8,"['clear sky', 'thunderstorm with heavy rain', 'very heavy rain', 'moderate rain', 'few clouds', 'clear sky', 'broken clouds', 'few clouds', 'scattered clouds', 'clear sky']",24
Khammam,Visakhapatnam,17.2473,80.1514,17.6868,83.2185,329,394,31.2,4.8,30.8,1.4,31.7,3,"['overcast clouds', 'scattered clouds', 'fog', 'haze', 'clear sky', 'clear sky', 'few clouds', 'heavy intensity rain', 'few clouds', 'few clouds']",13
Guntur,Anantapur,16.3067,80.4365,14.6819,77.6006,353.5,424,35.6,4.8,33.9,1.4,36.2,3.2,"['few clouds', 'clear sky', 'overcast clouds', 'fog', 'clear sky', 'haze', 'very heavy rain', 'overcast clouds', 'few clouds', 'clear sky']",14
Nellore,Khammam,14.4426,79.9865,17.2473,80.1514,312.4,374,34.7,3.3,39.9,4.6,37.8,4.4,"['few clouds', 'scattered clouds', 'few clouds', 'few clouds', 'few clouds', 'scattered clouds']",8
Kurnool,Vijayawada,15.8281,78.0373,16.5062,80.648,288.8,346,33.4,2,35.1,1,34.3,1.4,"['overcast clouds', 'fog', 'scattered clouds', 'clear sky', 'clear sky', 'overcast clouds', 'few clouds', 'clear sky', 'clear sky', 'extreme rain']",12
Kurnool,Visakhapatnam,15.8281,78.0373,17.6868,83.2185,589.1,706,38.5,2.7,32.1,1.5,34,2.2,"['clear sky', 'clear sky', 'scattered clouds', 'few clouds', 'clear sky', 'few clouds']",11
Kadapa,Guntur,14.4674,78.8241,16.3067,80.4365,267.8,321,33.7,3.6,35.1,2.4,33.5,3.1,"['clear sky', 'very heavy rain', 'broken clouds', 'broken clouds', 'fog', 'clear sky', 'few clouds', 'scattered clouds', 'heavy intensity rain', 'clear sky']",8
Rajahmundry,Nizamabad,17.0005,81.804,18.6725,78.0941,434.5,521,30.1,2.5,39.2,2.7,34.9,2.3,"['overcast clouds', 'very heavy rain', 'scattered clouds', 'moderate rain', 'scattered clouds', 'clear sky', 'overcast clouds', 'thunderstorm with heavy rain', 'clear sky', 'clear sky']",24
